ACTIVE U.S. SKI AREAS - 2025-26,,CORE STATS,,,CLASSIFICATION (Current year totals),,PASS AFFILIATIONS,RECENT OPERATING HISTORY,,,,LIFT FLEETS,,,,,,,,,,,,,,,,,,
,,Avg.,Total,Avg.,Public w/Aerial Lifts Total,370,,Annual Totals,,,,National Totals,,,,,,,,,,,,,,,,,,
,,963,"244,141",164,Public - Surface Lifts Only Total,92,,491,499,509,324,12,50,6,3,5,112,6,382,406,505,2,524,2,91,7,59,389,633,3192
,,,,,Private w/Aerial Lifts Total,19,,,,,,,,,,,,,,,,,,,,,,,,
,,,,,Private - Surface Lifts Only Total,22,,,,,,,,,,,,,,,,,,,,,,,,
LOCATION,MOUNTAIN,"Lift-Served Vertical 
Drop (feet)","Lift-Served 
Skiable Acres","Average Annual Snow
(claimed, inches)","OPERATING
CLASS",OWNER,PASS AFFILIATIONS,"OPERATED
23/24?","OPERATED
24/25?","ANTICIPATE
OPERATING
25/26?","CONFIRMED
OPERATING
25/26?",Tram,Gondola,Pulse Gondola,Cabriolet,8-pack,6-pack,Chondola,Detach Quad,Fixed Quad,Triple,Detach Triple,Double,Single,T-Bar,J-Bar,Poma/platter,Ropetow,Carpet,TOTAL LIFTS
U.S. - Alabama,Cloudmont,150,9,1,Public - Surface Lifts Only,Independent,,No,Yes,Yes,,0,,,,,,,,,,,,,,,,1,,1
U.S. - Alaska,Alyeska,"2,487","1,610",669,Public w/Aerial Lifts,Independent,"Ikon, Ikon Base, Ikon Session",Yes,Yes,Yes,Yes,1,,,,,,,2,2,,,,,,,,,2,7
,Arctic Valley,"1,400",320,250,Public w/Aerial Lifts,Independent,"Indy, Indy+",Yes,Yes,Yes,,0,,,,,,,,,,,2,,1,,,1,,4
,Birch Hill,540,,,Private w/Aerial Lifts,Independent,,Yes,Yes,Yes,Yes,0,,,,,,,,,,,1,,,,,,1,2
,Eaglecrest,"1,620",640,350,Public w/Aerial Lifts,Independent,"Indy, Indy+, Powder Alliance, Freedom",Yes,Yes,Yes,Yes,0,,,,,,,,,,,4,,,,,,,4
,Hillberg,263,,,Public w/Aerial Lifts,Independent,,Yes,Yes,Yes,,0,,,,,,,,,,,1,,,,,2,,3
,Hilltop,294,35,76,Public w/Aerial Lifts,Independent,"Indy, Indy+",Yes,Yes,Yes,,0,,,,,,,,,1,,,,,,1,,1,3
,Homer Rope Tow,260,20,,Private - Surface Lifts Only,Independent,,Yes,Yes,Yes,,0,,,,,,,,,,,,,,,,1,,1
,Moose Mountain,"1,300",750,100,Public - Surface Lifts Only,Independent,"Indy, Indy+",Yes,Yes,Yes,Yes,0,,,,,,,,,,,,,,,,1,,1
,Mount Eyak,800,100,350,Public w/Aerial Lifts,Independent,"Indy, Indy+",Yes,Yes,Yes,Yes,0,,,,,,,,,,,,1,,,,1,,2
,Skeetawk,300,30,,Public w/Aerial Lifts,Independent,,Yes,Yes,Yes,Yes,0,,,,,,,,,1,,,,,,,,,1
,Ski Land,"1,027",100,200,Public w/Aerial Lifts,Independent,,Yes,Yes,Yes,Yes,0,,,,,,,,,,,1,,,,,,1,2
U.S. - Arizona,Arizona Snowbowl,"2,300",777,242,Public w/Aerial Lifts,Mountain Capital Partners,"Power Pass Full, Power Pass Select, Power Pass Core, Weekday Power Pass",Yes,Yes,Yes,Yes,0,,,,,1,1,,3,1,,,,,,,,2,8
,Mt. Lemmon Ski Valley ,950,200,180,Public w/Aerial Lifts,Independent,,Yes,No,Yes,Yes,0,,,,,,,,,,,2,,,,,1,,3
,Sunrise Park,"1,800","1,200",225,Public w/Aerial Lifts,Independent,,Yes,Yes,Yes,Yes,0,,,,,,,1,2,2,,1,,,,,1,1,8
U.S. - California,Alta Sierra,600,80,80,"Public w/Aerial Lifts, On Status Watch",,,Yes,No,Yes,,0,,,,,,,,,,,2,,,,,1,,3
,Badger Pass,800,90,300,"Public w/Aerial Lifts, On Status Watch",,,Yes,No,Yes,,0,,,,,,,,,1,,3,,,,,,,4
,Bear Mountain (Big Bear),"1,665",198,114,Public w/Aerial Lifts,Alterra ,"Ikon, Ikon Base, Ikon Session, California Gold Pass",Yes,Yes,Yes,Yes,0,,,,,1,,2,,2,,2,,,,,,4,11
,Bear Valley,"1,900","1,680",352,Public w/Aerial Lifts,California Mountain Resort Company,"Indy, Indy+, Powder Alliance, Cali Pass, California Gold Pass",Yes,Yes,Yes,Yes,0,,,,,1,,1,1,2,,2,,,,,,2,9
,Boreal,500,380,389,Public w/Aerial Lifts,Powdr,California Gold Pass,Yes,Yes,Yes,Yes,0,,,,,,,1,2,3,,,,,,,,2,8
,Cedar Pass,400,100,,"Public - Surface Lifts Only, On Status Watch",,,No,No,Yes,,0,,,,,,,,,,,,,1,,,1,,2
,China Peak,"1,679","1,200",300,Public w/Aerial Lifts,California Mountain Resort Company,"Indy, Indy+, Powder Alliance, Cali Pass, California Gold Pass",Yes,Yes,Yes,Yes,0,,,,,,,,2,4,,,,1,,,,4,11
,Coppervale,740,80,,Public - Surface Lifts Only,Independent,,Yes,Yes,Yes,,0,,,,,,,,,,,,,,,1,1,,2
,Dodge Ridge,"1,600",862,300,Public w/Aerial Lifts,California Mountain Resort Company,"Indy, Indy+, Powder Alliance, Cali Pass, California Gold Pass",Yes,Yes,Yes,,0,,,,,,,,1,3,,3,,1,,,1,2,11
,Donner Ski Ranch,800,500,389,Public w/Aerial Lifts,Independent,"Indy, Indy+",Yes,Yes,Yes,,0,,,,,,,,,1,,5,,,,,,2,8
,Granlibakken,200,25,170,Public - Surface Lifts Only,Independent,California Gold Pass,Yes,Yes,Yes,Yes,0,,,,,,,,,,,,,,,1,1,,2
,Heavenly,"3,475","4,800",251,Public w/Aerial Lifts,Vail Resorts,"Epic, Epic Local, Epic Tahoe Local, Epic Tahoe Value, Epic Day All, Epic Day 32, California Gold Pass",Yes,Yes,Yes,Yes,1,1,,,,2,,8,1,5,,2,,,,,2,4,26
,Homewood,"1,650","1,260",450,"Public w/Aerial Lifts, On Status Watch",JMA Ventures,California Gold Pass,Yes,No,Yes,,0,,,,,,,1,,3,,,,,,1,,1,6
,June Mountain,"2,590","1,500",276,Public w/Aerial Lifts,Alterra ,"Ikon, Ikon Base, Ikon Session, California Gold Pass",Yes,Yes,Yes,Yes,0,,,,,,,2,,,,4,,,,,,1,7
,Kingvale,150,50,25,Public - Surface Lifts Only,Independent,California Gold Pass,Yes,Yes,Yes,,0,,,,,,,,,,,,,,,,1,,1
,Kirkwood,"2,000","2,300",354,Public w/Aerial Lifts,Vail Resorts,"Epic, Epic Local, Epic Tahoe Local, Epic Tahoe Value, Epic Day All, Epic Day 32, California Gold Pass",Yes,Yes,Yes,Yes,0,,,,,,,2,1,6,,1,,1,,,,2,13
,Mammoth,"3,100","3,500",357,Public w/Aerial Lifts,Alterra ,"Ikon, Ikon Base, Ikon Session, California Gold Pass",Yes,Yes,Yes,Yes,0,2,,,,4,,8,1,6,,3,,,,1,,2,27
,Mountain  High: West,"1,000",145,117,Public w/Aerial Lifts,California Mountain Resort Company,"Indy, Indy+, Powder Alliance, Cali Pass, California Gold Pass",Yes,Yes,Yes,Yes,0,,,,,,,1,,3,,2,,,,,,2,8
,Mountain High: East,"1,600",145,117,Public w/Aerial Lifts,California Mountain Resort Company,"Indy, Indy+, Powder Alliance, Cali Pass, California Gold Pass",Yes,Yes,Yes,,0,,,,,,,1,1,,,2,,,,,,1,5
,Mt. Baldy,"2,100",800,170,Public w/Aerial Lifts,Independent,California Gold Pass,Yes,Yes,Yes,Yes,0,,,,,,,,,,,4,,,,,,,4
,Mt. Shasta,"2,036",635,250,Public w/Aerial Lifts,Independent,"Indy, Indy+, Powder Alliance, California Gold Pass",Yes,Yes,Yes,,0,,,,,,,,1,3,,,,,,,,2,6
,Northstar,"2,280","3,170",350,Public w/Aerial Lifts,Vail Resorts,"Epic, Epic Local, Epic Tahoe Local, Epic Tahoe Value, Epic Day All, Epic Day 32, California Gold Pass",Yes,Yes,Yes,Yes,0,1,1,,,1,1,6,1,2,,,,,,1,1,5,20
,Palisades Tahoe: Olympic ,"2,850","6,000",364,Public w/Aerial Lifts,Alterra ,"Ikon, Ikon Base, Ikon Session, California Gold Pass",Yes,Yes,Yes,Yes,1,2,,,,8,,5,1,10,,8,,,,,,7,42
,Sierra-at-Tahoe,"2,212","2,000",401,Public w/Aerial Lifts,Independent,"Ikon, Ikon Base, Ikon Session, Powder Alliance, California Gold Pass",Yes,Yes,Yes,Yes,0,,,,,,,3,,1,,5,,,,,,5,14
,Snow Summit (Big Bear),"1,200",240,114,Public w/Aerial Lifts,Alterra ,"Ikon, Ikon Base, Ikon Session, California Gold Pass",Yes,Yes,Yes,Yes,0,,,,,,,2,2,2,,4,,,,,,5,15
,Snow Valley,"1,041",240,150,Public w/Aerial Lifts,Alterra ,"Ikon, Ikon Base, Ikon Session, California Gold Pass",Yes,Yes,Yes,,0,,,,,1,,,,4,,4,,,,,,2,11
,Soda Springs,550,200,389,Public w/Aerial Lifts,Powdr,California Gold Pass,Yes,Yes,Yes,Yes,0,,,,,,,,,1,,1,,,,,,1,3
,Sugar Bowl,"1,500","1,650",429,Public w/Aerial Lifts,Independent,"Mountain Collective, California Gold Pass",Yes,Yes,Yes,Yes,0,1,,,,,,5,3,1,,,,,,1,,1,12
,Tahoe Donner,600,120,385,Public w/Aerial Lifts,Independent,California Gold Pass,Yes,Yes,Yes,Yes,0,,,,,,,,1,1,,,,,,,,3,5
U.S. - Colorado,Arapahoe Basin,"1,698","1,428",350,Public w/Aerial Lifts,Alterra ,"Ikon, Ikon Base, Ikon Session, Colorado Gems Pass, Colorado Gems Discount Card, Ski Colorado Kids Passport, Colorado Gold Pass",Yes,Yes,Yes,Yes,0,,,,,1,,1,3,,,1,,,,,1,2,9
,Aspen Highlands,"3,635","1,010",260,Public w/Aerial Lifts,Aspen Skiing Company,"Ikon, Mountain Collective, Aspen-Snowmass, Ski Colorado Kids Passport, Colorado Gold Pass",Yes,Yes,Yes,Yes,0,,,,,,,3,,2,,1,,,,,,,6
,Aspen Mountain,"3,317",826,248,Public w/Aerial Lifts,Aspen Skiing Company,"Ikon, Mountain Collective, Aspen-Snowmass, Ski Colorado Kids Passport, Colorado Gold Pass",Yes,Yes,Yes,Yes,0,1,,,,,,2,1,,1,3,,,,,,,8
,Beaver Creek,"3,340","2,082",323,Public w/Aerial Lifts,Vail Resorts,"Epic, Epic Local, Epic Tahoe Local, Epic Day All, Epic School Kids",Yes,Yes,Yes,Yes,0,2,,,,,1,12,1,1,,1,,,,,,7,25
,Breckenridge,"3,240","2,908",355,Public w/Aerial Lifts,Vail Resorts,"Epic, Epic Local, Epic Tahoe Local, Epic Summit Value, Epic Keystone Plus, Epic Day All, Epic School Kids",Yes,Yes,Yes,Yes,0,1,,,,5,,8,1,1,,4,,1,,3,,11,35
,Buttermilk,"2,030",435,200,Public w/Aerial Lifts,Aspen Skiing Company,"Ikon, Mountain Collective, Aspen-Snowmass, Ski Colorado Kids Passport, Colorado Gold Pass",Yes,Yes,Yes,Yes,0,,,,,,,3,,,,1,,,,,1,1,6
,Chapman,319,7,71,Public - Surface Lifts Only,Independent,,Yes,Yes,Yes,Yes,0,,,,,,,,,,,,,,,1,1,,2
,Copper Mountain,"2,729","2,538",278,Public w/Aerial Lifts,Powdr,"Ikon, Ikon Base, Ikon Session, Ski Colorado Kids Passport, Colorado Gold Pass",Yes,Yes,Yes,Yes,0,,,,,3,1,3,,5,,4,,1,,2,1,5,25
,Cranor Hill,305,,75,Public - Surface Lifts Only,Independent,,Yes,Yes,Yes,,0,,,,,,,,,,,,,,,1,,,1
,Crested Butte,"2,775","1,547",236,Public w/Aerial Lifts,Vail Resorts,"Epic, Epic Local, Epic Tahoe Local, Epic Keystone Plus, Epic Day All, Epic Day 32, Epic School Kids",Yes,Yes,Yes,Yes,0,,,,,,,4,3,3,,,,2,,,,3,15
,Cuchara,266,43,200,"Public w/Aerial Lifts, On Status Watch",,"Indy, Indy+",w/o Lifts,w/o Lifts,Yes,,0,,,,,,,,,,,1,,,,,,,1
,Echo Mountain,600,60,150,Public w/Aerial Lifts,Independent,"Indy, Indy+, Colorado Gems Pass, Colorado Gems Discount Card, Ski Colorado Kids Passport, Colorado Gold Pass",Yes,Yes,Yes,,0,,,,,,,,,1,,,,,,,,1,2
,Eldora,"1,240",680,225,Public w/Aerial Lifts,Independent,"Ikon, Ikon Base, Ikon Session, Colorado Gems Pass, Colorado Gems Discount Card, Ski Colorado Kids Passport, Colorado Gold Pass",Yes,Yes,Yes,Yes,0,,,,,1,,,2,1,,3,,,,1,1,1,10
,Frisco,N/A,,,Public - Surface Lifts Only,Independent,,Yes,Yes,Yes,,0,,,,,,,,,,,,,,,,,1,1
,Granby Ranch,"1,000",406,200,Public w/Aerial Lifts,Independent,"Indy, Indy+, Colorado Gems Pass, Colorado Gems Discount Card, Ski Colorado Kids Passport, Colorado Gold Pass",Yes,Yes,Yes,Yes,0,,,,,,,1,1,1,,1,,,,,,2,6
,Hoedown Hill,130,12,24,Public - Surface Lifts Only,Independent,"Indy, Indy+",Yes,Yes,Yes,Yes,0,,,,,,,,,,,,,,,,,4,4
,Howelsen Hill,440,50,170,Public w/Aerial Lifts,Independent,"Indy, Indy+, Ski Colorado Kids Passport, Colorado Gold Pass",Yes,Yes,Yes,Yes,0,,,,,,,,,1,,,,,,1,,2,4
,Kendall Mountain,240,16,200,Public w/Aerial Lifts,Independent,,Yes,Yes,Yes,,0,,,,,,,,,,,1,,,,,,,1
,Keystone,"2,920","3,149",235,Public w/Aerial Lifts,Vail Resorts,"Epic, Epic Local, Epic Tahoe Local, Epic Summit Value, Epic Keystone Plus, Epic Day All, Epic Day 32, Epic School Kids",Yes,Yes,Yes,Yes,0,2,,,,4,,3,1,1,,2,,,,,,7,20
,Lake City,250,14,,Public - Surface Lifts Only,Independent,,Yes,Yes,Yes,,0,,,,,,,,,,,,,,,1,,,1
,Lee's,75,2,134,Public - Surface Lifts Only,Independent,,Yes,Yes,Yes,,0,,,,,,,,,,,,,,,,1,,1
,Loveland Basin,"1,890","1,800",337,Public w/Aerial Lifts,Independent,"Indy, Indy+, Powder Alliance, Power Pass Full, Colorado Gems Pass, Colorado Gems Discount Card, Ski Colorado Kids Passport, Colorado Gold Pass",Yes,Yes,Yes,Yes,0,,,,,,,1,2,4,,,,,,,,,7
,Loveland Valley,810,,,Public w/Aerial Lifts,Independent,"Indy, Indy+, Powder Alliance, Power Pass Full, Colorado Gems Pass, Colorado Gems Discount Card, Ski Colorado Kids Passport, Colorado Gold Pass",Yes,Yes,Yes,Yes,0,,,,,,,,2,,,,,,,,,2,4
,Monarch,"1,162","1,177",308,Public w/Aerial Lifts,Independent,"Power Pass Full, Power Pass Select, Power Pass Core, Colorado Gems Pass, Colorado Gems Discount Card, Ski Colorado Kids Passport, Colorado Gold Pass",Yes,Yes,Yes,Yes,0,,,,,,,,1,1,,4,,,,,,1,7
,Powderhorn,"1,650","1,600",225,Public w/Aerial Lifts,Pacific Group Resorts,"Indy, Indy+, Colorado Gems Pass, Colorado Gems Discount Card, Ski Colorado Kids Passport, Colorado Gold Pass",Yes,Yes,Yes,Yes,0,,,,,,,1,,,,2,,,,,,2,5
,Purgatory,"2,029","1,635",261,Public w/Aerial Lifts,Mountain Capital Partners,"Power Pass Full, Power Pass Select, Power Pass Core, Weekday Power Pass, Colorado Gems Pass, Colorado Gems Discount Card, Ski Colorado Kids Passport, Colorado Gold Pass",Yes,Yes,Yes,Yes,0,,,,,1,,2,,3,,3,,,,,,2,11
,Silverton (unguided),"1,900","1,819",294,Public w/Aerial Lifts,Independent,,Yes,Yes,Yes,,0,,,,,,,,,,,1,,,,,,,1
,Ski Cooper,"1,200",480,260,Public w/Aerial Lifts,Independent,"Powder Alliance, Freedom, Colorado Gems Pass, Colorado Gems Discount Card, Ski Colorado Kids Passport, Colorado Gold Pass",Yes,Yes,Yes,Yes,0,,,,,,,,,1,,1,,1,,1,,1,5
,Snowmass,"4,400","3,342",301,Public w/Aerial Lifts,Aspen Skiing Company,"Ikon, Mountain Collective, Aspen-Snowmass, Ski Colorado Kids Passport, Colorado Gold Pass",Yes,Yes,Yes,Yes,0,1,1,,,3,,6,2,,,1,,1,,3,,2,20
,Steamboat,"3,668","3,741",370,Public w/Aerial Lifts,Alterra ,"Ikon, Ikon Base, Ikon Session, Ski Colorado Kids Passport, Colorado Gold Pass",Yes,Yes,Yes,Yes,0,2,1,,,1,,8,,4,,2,,,,,1,6,25
,Sunlight,"2,010",730,227,Public w/Aerial Lifts,Independent,"Indy, Indy+, Colorado Gems Pass, Colorado Gems Discount Card, Ski Colorado Kids Passport, Colorado Gold Pass, Indy Learn-To-Turn",Yes,Yes,Yes,Yes,0,,,,,,,,1,2,,,,,,,,7,10
,Telluride,"3,790","2,000",276,Public w/Aerial Lifts,Independent,"Epic, Epic Day All, Ski Colorado Kids Passport, Colorado Gold Pass",Yes,Yes,Yes,Yes,0,2,,,,,1,7,1,1,,2,,,,2,,3,19
,Vail Mountain    ,"3,450","5,317",354,Public w/Aerial Lifts,Vail Resorts,"Epic, Epic Local, Epic Tahoe Local, Epic Day All, Epic School Kids",Yes,Yes,Yes,Yes,0,2,,,,4,,14,1,2,,,,1,,3,,5,32
,Winter Park,"3,060","3,081",349,Public w/Aerial Lifts,Alterra ,"Ikon, Ikon Base, Ikon Session, Ski Colorado Kids Passport, Colorado Gold Pass",Yes,Yes,Yes,Yes,0,1,,1,,4,,5,,3,,6,,,,1,,3,24
,Wolf Creek,"1,604","1,600",384,Public w/Aerial Lifts,Independent,,Yes,Yes,Yes,Yes,0,,,,,,,3,2,2,,1,,,,1,,2,11
U.S. - Connecticut,Lakeridge,163,,,Private w/Aerial Lifts,Independent,,Yes,Yes,Yes,,0,,,,,,,,,,,1,,,,,,,1
,Mohawk Mountain,650,107,92,Public w/Aerial Lifts,Independent,"Indy, Indy+",Yes,Yes,Yes,Yes,0,,,,,,,,,5,,,,,,,,3,8
,Mount Southington,354,51,40,Public w/Aerial Lifts,Independent,"Freedom, Snow Triple Play",Yes,Yes,Yes,,0,,,,,,,,,3,,1,,,,,,3,7
,Powder Ridge,550,80,38,Public w/Aerial Lifts,Independent,,Yes,Yes,Yes,,0,,,,,,,,,1,,2,,,,,,2,5
,Ski Sundown,625,65,45,Public w/Aerial Lifts,Independent,,Yes,Yes,Yes,Yes,0,,,,,,,,1,2,,,,,,,,2,5
U.S. - Idaho,Bald Mountain,684,140,200,Public - Surface Lifts Only,Independent,Ski Idaho Kids Passport,Yes,Yes,Yes,,0,,,,,,,,,,,,,1,,,1,,2
,Bogus Basin,"1,800","2,600",248,Public w/Aerial Lifts,Independent,"Powder Alliance, Freedom, Ski Idaho Kids Passport",Yes,Yes,Yes,Yes,0,,,,,,,4,2,,,1,,,,,,3,10
,Brundage,"1,921","1,920",297,Public w/Aerial Lifts,Independent,"Indy, Indy+, Ski Idaho Kids Passport",Yes,Yes,Yes,Yes,0,,,,,,,2,,3,,,,,,,,1,6
,Chipmunk Hills,301,30,,Public - Surface Lifts Only,Independent,,Yes,Yes,Yes,,0,,,,,,,,,,,,,,,,1,,1
,Cottonwood Butte,640,260,45,Public - Surface Lifts Only,Independent,Ski Idaho Kids Passport,Yes,Yes,Yes,,0,,,,,,,,,,,,,1,,,,,1
,Gateway Parks: Eagle Island,N/A,,,Public - Surface Lifts Only,Gateway,,Yes,Yes,Yes,,0,,,,,,,,,,,,,,,,,1,1
,Gateway Parks: Idaho Falls,N/A,,,Public - Surface Lifts Only,Gateway,,Yes,Yes,Yes,,0,,,,,,,,,,,,,,,,,1,1
,Kelly Canyon,"1,200",640,250,Public w/Aerial Lifts,Independent,"Indy, Indy+, Indy Learn-To-Turn",Yes,Yes,Yes,Yes,0,,,,,,,,,1,,2,,,,,,1,4
,Little Ski Hill,393,40,150,Public - Surface Lifts Only,Independent,"Indy, Indy+, Ski Idaho Kids Passport",Yes,Yes,Yes,,0,,,,,,,,,,,,,1,,,,,1
,Lookout Pass,"1,650","1,023",415,Public w/Aerial Lifts,Independent,Ski Idaho Kids Passport,Yes,Yes,Yes,Yes,0,,,,,,,,2,2,,1,,,,,,,5
,Magic Mountain,740,120,230,Public w/Aerial Lifts,Independent,"Indy, Indy+, Ski Idaho Kids Passport",Yes,Yes,Yes,,0,,,,,,,,,,,1,,,,,,2,3
,Pebble Creek,"2,200","1,100",225,Public w/Aerial Lifts,Independent,Ski Idaho Kids Passport,Yes,Yes,Yes,,0,,,,,,,,,3,,,,,,,,1,4
,Pomerelle,"1,002",500,325,Public w/Aerial Lifts,Independent,"Indy, Indy+, Ski Idaho Kids Passport",Yes,Yes,Yes,,0,,,,,,,,,2,,,,,,,,1,3
,Rotarun,485,,100,Public - Surface Lifts Only,Independent,,Yes,Yes,Yes,,0,,,,,,,,,,,,,,,1,1,1,3
,Schweitzer,"2,429","2,900",271,Public w/Aerial Lifts,Alterra ,"Ikon, Ikon Base, Ikon Session, Ski Idaho Kids Passport",Yes,Yes,Yes,Yes,0,,,,,1,,4,,2,,1,,1,,,,1,10
,Silver Mountain,"2,200","1,600",328,Public w/Aerial Lifts,CMR Lands,"Indy, Indy+, Powder Alliance, Silver/49 North, Ski Idaho Kids Passport",Yes,Yes,Yes,Yes,0,1,,,,,,,1,2,,2,,,,,,,6
,Snowhaven,400,40,60,Public - Surface Lifts Only,Independent,Ski Idaho Kids Passport,Yes,Yes,Yes,,0,,,,,,,,,,,,,1,,,,,1
,Soldier Mountain,"1,421","1,142",175,Public w/Aerial Lifts,Independent,"Indy, Indy+, Indy Learn-To-Turn, Ski Idaho Kids Passport",Yes,Yes,Yes,,0,,,,,,,,,,,2,,,,,,1,3
,Sun Valley: Bald ,"3,400","2,533",193,Public w/Aerial Lifts,Holding Family,"Ikon, Mountain Collective, Ski Idaho Kids Passport",Yes,Yes,Yes,Yes,0,1,,,,2,,6,,2,,,,,,,,1,12
,Sun Valley: Dollar ,628,296,,Public w/Aerial Lifts,Holding Family,"Ikon, Mountain Collective, Ski Idaho Kids Passport",Yes,Yes,Yes,,0,,,,,,,2,,1,,1,,,,,,1,5
,Tamarack,"2,800","1,100",275,Public w/Aerial Lifts,Independent,"Indy, Indy+, Ski Idaho Kids Passport",Yes,Yes,Yes,,0,,,,,,,3,2,,,,,,,1,,1,7
U.S. - Illinois,Alpine Hills Adventure Park,N/A,,,Public - Surface Lifts Only,Independent,,Yes,Yes,Yes,,0,,,,,,,,,,,,,,,,,1,1
,Chestnut,475,220,34,Public w/Aerial Lifts,Independent,"Indy, Indy+, Indy Learn-To-Turn",Yes,Yes,Yes,Yes,0,,,,,,,,2,4,,,,,,,1,2,9
,Fourlakes,100,9,24,Public - Surface Lifts Only,Independent,,Yes,Yes,Yes,Yes,0,,,,,,,,,,,,,,,,7,,7
,Snowstar,262,28,39,Public w/Aerial Lifts,Independent,"Indy, Indy+",Yes,Yes,Yes,Yes,0,,,,,,,,2,,,2,,,,,,1,5
,Villa Olivia,180,15,25,Public w/Aerial Lifts,Independent,,Yes,Yes,Yes,Yes,0,,,,,,,,1,,,,,,,,6,,7
U.S. - Indiana,Paoli Peaks,300,65,18,Public w/Aerial Lifts,Vail Resorts,"Epic, Epic Local, Epic Day All, Epic Day 32, Epic Day 22",Yes,Yes,Yes,,0,,,,,,,,1,3,,1,,,,,,2,7
,Perfect North,400,100,10,Public w/Aerial Lifts,Perfect Family,Perfect Pass,Yes,Yes,Yes,Yes,0,,,,,,,,3,2,,,,,,,2,5,12
U.S. - Iowa,Crescent Hill at Hitchcock,300,50,30,Public w/Aerial Lifts,Independent,,Yes,Yes,Yes,Yes,0,,,,,,,,1,,,1,,,,,,,2
,Seven Oaks,240,35,40,Public w/Aerial Lifts,Independent,Freedom,Yes,Yes,Yes,Yes,0,,,,,,,,,2,,,,,,,3,,5
,Sundown,475,85,50,Public w/Aerial Lifts,Independent,"Indy, Indy+, Indy Learn-To-Turn",Yes,Yes,Yes,Yes,0,,,,,,,,1,1,,2,,,,,,2,6
U.S. - Maine,Baker,460,,,Public - Surface Lifts Only,Independent,"Ski Maine Mountain Pass, Winter Kids Maine Passport",Yes,Yes,Yes,,0,,,,,,,,,,,,,1,,,,,1
,Big Moose,587,,136,Public w/Aerial Lifts,Independent,"Indy, Indy+, Uphill New England, Ski Maine Mountain Pass, Winter Kids Maine Passport",Yes,Yes,Yes,,0,,,,,,,,,1,,,,,,,,1,2
,Bigrock,920,90,94,Public w/Aerial Lifts,Independent,"Indy, Indy+, Ski Maine Mountain Pass, Indy Learn-To-Turn, Winter Kids Maine Passport",Yes,Yes,Yes,Yes,0,,,,,,,,1,1,,,,,,,,1,3
,Black Mountain of Maine,"1,150",300,120,Public w/Aerial Lifts,Independent,"Indy, Indy+, Uphill New England, Ski Maine Mountain Pass, Winter Kids Maine Passport",Yes,Yes,Yes,,0,,,,,,,,,1,,1,,1,,,1,,4
,Camden Snow Bowl,850,105,50,Public w/Aerial Lifts,Independent,"Indy, Indy+, Uphill New England, Ski Maine Mountain Pass, Winter Kids Maine Passport",Yes,Yes,Yes,,0,,,,,,,,,1,,1,,,,,,1,3
,Caribou High School,85,,,Private - Surface Lifts Only,Independent,,Yes,Yes,Yes,,0,,,,,,,,,,,,,,,,1,,1
,Hermon Mountain,256,60,90,"Public w/Aerial Lifts, On Status Watch",Independent,Ski Maine Mountain Pass,Yes,Yes,Yes,,0,,,,,,,,,,,1,,1,,,,,2
,Lonesome Pine,440,,,Public - Surface Lifts Only,Independent,Ski Maine Mountain Pass,Yes,Yes,Yes,,0,,,,,,,,,,,,,1,,,1,,2
,Lost Valley,240,45,99,Public w/Aerial Lifts,Independent,"Indy, Indy+, Ski Maine Mountain Pass, Freedom, Winter Kids Maine Passport",Yes,Yes,Yes,Yes,0,,,,,,,,,,,3,,,,,,1,4
,Mount Abram,"1,050",170,115,Public w/Aerial Lifts,Independent,"Indy, Indy+, Uphill New England, Ski Maine Mountain Pass, Indy Learn-To-Turn, Winter Kids Maine Passport",Yes,Yes,Yes,,0,,,,,,,,,,,2,,1,,,,1,4
,Mount Jefferson,432,160,75,Public - Surface Lifts Only,Independent,,Yes,Yes,Yes,,0,,,,,,,,,,,,,1,,,1,,2
,O'Connor (Kent School),210,,,Private - Surface Lifts Only,Independent,,Yes,Yes,Yes,,0,,,,,,,,,,,,,,,,1,,1
,Pinnacle,100,,,Public - Surface Lifts Only,Independent,,No,Yes,Yes,,0,,,,,,,,,,,,,,,,2,,2
,Pleasant Mountain,"1,300",249,110,Public w/Aerial Lifts,Boyne Resorts,"New England Pass, Boyne Passport, Boyne Explorer, Snow Triple Play, New England Day, Michigan Pass, Ski Maine Mountain Pass",Yes,Yes,Yes,Yes,0,,,,,,,1,1,2,,,,,,,,2,6
,Powderhouse Hill,175,,,Public - Surface Lifts Only,Independent,Ski Maine Mountain Pass,Yes,Yes,Yes,Yes,0,,,,,,,,,,,,,,,,1,,1
,Quarry Road,75,,,Public - Surface Lifts Only,Independent,Winter Kids Maine Passport,Yes,Yes,Yes,,0,,,,,,,,,,,,,,,,1,,1
,Quoggy Joe,215,,,Public - Surface Lifts Only,Independent,"Ski Maine Mountain Pass, Winter Kids Maine Passport",Yes,Yes,Yes,,0,,,,,,,,,,,,,1,,,,,1
,Saddleback,"1,850",600,225,Public w/Aerial Lifts,Independent,"Indy, Indy+, Uphill New England, Ski Maine Mountain Pass",Yes,Yes,Yes,Yes,0,,,,,,,1,3,,,,,,1,,,1,6
,Spruce Mountain,300,,,Public - Surface Lifts Only,Independent,Ski Maine Mountain Pass,Yes,Yes,Yes,,0,,,,,,,,,,,,,,,,3,,3
,Sugarloaf,"2,748","1,360",200,Public w/Aerial Lifts,Boyne Resorts,"Ikon, Ikon Base, Ikon Session, Mountain Collective, New England Pass, New England Day, Boyne Passport, Boyne Explorer, Michigan Pass, Ski Maine Mountain Pass",Yes,Yes,Yes,Yes,0,,,,,,,3,3,1,,5,,2,,,,1,15
,Sunday River,"2,350","1,184",167,Public w/Aerial Lifts,Boyne Resorts,"Ikon, Ikon Base, Ikon Session, Mountain Collective, New England Pass, New England Day, Boyne Passport, Boyne Explorer, Michigan Pass, Ski Maine Mountain Pass",Yes,Yes,Yes,Yes,0,,,,1,1,1,2,5,5,,1,,1,,,,3,20
,Titcomb,350,45,85,Public - Surface Lifts Only,Independent,"Ski Maine Mountain Pass, Winter Kids Maine Passport",Yes,Yes,Yes,,0,,,,,,,,,,,,,2,,,1,,3
U.S. - Maryland,Wisp,700,132,100,Public w/Aerial Lifts,Pacific Group Resorts,"Indy, Indy+",Yes,Yes,Yes,Yes,0,,,,,,,,2,5,,,,,,,1,5,13
U.S. - Massachusetts,Berkshire East,"1,180",180,110,Public w/Aerial Lifts,Schaefer Family,"Indy, Indy+, Uphill New England, Berkshire Summit Pass, Indy Learn-To-Turn",Yes,Yes,Yes,Yes,0,,,,,,,1,2,,,1,,,,,,2,6
,Blue Hills,309,60,,Public w/Aerial Lifts,Independent,,Yes,Yes,Yes,,0,,,,,,,,,,,1,,,,,,3,4
,Bousquet,750,200,83,Public w/Aerial Lifts,Independent,"Indy, Indy+, Berkshire Summit Pass, Indy Learn-To-Turn",Yes,Yes,Yes,Yes,0,,,,,,,,,1,,1,,,,,,1,3
,Butternut,"1,000",110,110,Public w/Aerial Lifts,Murdock Family,"Freedom, Snow Triple Play, Ikon",Yes,Yes,Yes,Yes,0,,,,,,,,5,,,,,,,,,4,9
,Catamount,"1,000",133,108,Public w/Aerial Lifts,Schaefer Family,"Indy, Indy+, Berkshire Summit Pass, Uphill New England, Ski New York Kids Passport, Ski New York Gold Card",Yes,Yes,Yes,Yes,0,,,,,,,,2,3,,,,,,,,3,8
,Easton (Eaglebrook School),440,,,Private w/Aerial Lifts,Independent,,Yes,Yes,Yes,,0,,,,,,,,,,,1,,,,,,,1
,Jiminy Peak,"1,150",167.4,100,Public w/Aerial Lifts,Fairbank Group,"Ikon, Uphill New England",Yes,Yes,Yes,Yes,0,,,,,1,,,2,3,,1,,,,,,2,9
,Mt. Greylock Ski Club,350,,,Private - Surface Lifts Only,Independent,,Yes,Yes,Yes,,0,,,,,,,,,,,,,,,,2,,2
,Nashoba Valley,240,59,50,Public w/Aerial Lifts,Independent,,Yes,Yes,Yes,Yes,0,,,,,,,,,3,,1,,,,,3,4,11
,Otis Ridge,400,70,70,Public w/Aerial Lifts,Murdock Family,,Yes,Yes,Yes,,0,,,,,,,,,,,1,,1,,,1,2,5
,Ski Bradford,220,48,,Public w/Aerial Lifts,Independent,,Yes,Yes,Yes,,0,,,,,,,,,3,,,,1,,,3,3,10
,Ski Ward,220,45,80,Public w/Aerial Lifts,Independent,,Yes,Yes,Yes,Yes,0,,,,,,,,,1,,,,1,,,1,1,4
,Wachusett,"1,000",110,100,Public w/Aerial Lifts,Independent,,Yes,Yes,Yes,Yes,0,,,,,1,,2,,1,,,,,,,,3,7
U.S. - Michigan,Adventure Mountain (UP),134,,,Public - Surface Lifts Only,Independent,,Yes,Yes,Yes,,0,,,,,,,,,,,,,,,,1,,1
,Alpine Valley MI,300,100,8,Public w/Aerial Lifts,Wisconsin Resorts,"Wisconsin Resorts, Michigan White Gold Card",Yes,Yes,Yes,Yes,0,,,,,,,,1,3,,1,,,,,2,2,9
,Big Powderhorn (UP),622,253,204,Public w/Aerial Lifts,Independent,"Indy, Indy+, Michigan White Gold Card",Yes,Yes,Yes,Yes,0,,,,,,,,,,,9,,,,,1,,10
,Big Valley (UP),140,5,,Public - Surface Lifts Only,Independent,,Yes,Yes,Yes,,0,,,,,,,,,,,,,,,,1,,1
,Bittersweet,350,100,90,Public w/Aerial Lifts,Wisconsin Resorts,"Wisconsin Resorts, Michigan White Gold Card, Michigan Kids Passport",Yes,Yes,Yes,Yes,0,,,,,,,2,,3,,1,,,,,2,3,11
,Boyne Mountain,420,435,140,Public w/Aerial Lifts,Boyne Resorts,"Ikon, Ikon Base, Ikon Session, Boyne Passport, Boyne Explorer, New England Pass, Michigan Pass, Michigan White Gold Card, Michigan Kids Passport",Yes,Yes,Yes,Yes,0,,,,1,1,,,4,1,,2,,,,,,1,10
,Caberfae Peaks,485,200,120,Public w/Aerial Lifts,Independent,"Indy, Indy+, Freedom, Michigan White Gold Card, Michigan Kids Passport",Yes,Yes,Yes,Yes,0,,,,,,,,1,3,,,,,,,,1,5
,Cannonsburg,250,100,100,Public w/Aerial Lifts,Independent,"Michigan White Gold Card, Michigan Kids Passport",Yes,Yes,Yes,Yes,0,,,,,,,,1,1,,1,,,,,4,1,8
,Challenge Mountain,370,,,Private - Surface Lifts Only,Independent,,Yes,Yes,Yes,,0,,,,,,,,,,,,,,,,1,,1
,Covington (UP),115,,,Public - Surface Lifts Only,Independent,,No,Yes,Yes,,0,,,,,,,,,,,,,,,,1,,1
,Crystal Mountain MI,375,103,132,Public w/Aerial Lifts,Independent,"Indy, Indy+, Michigan White Gold Card, Michigan Kids Passport",Yes,Yes,Yes,Yes,0,,,,,,,1,3,2,,,,,,,,2,8
,Crystella (UP),69,,,Public - Surface Lifts Only,Independent,,Yes,Yes,Yes,,0,,,,,,,,,,,,,,,,1,,1
,Gladstone (UP) (J&M Bess),131,25,50,Public - Surface Lifts Only,Independent,,Yes,Yes,Yes,,0,,,,,,,,,,,,,,,,2,,2
,Hanson Hills,225,125,60,Public - Surface Lifts Only,Independent,"Michigan White Gold Card, Michigan Kids Passport",Yes,Yes,Yes,,0,,,,,,,,,,,,,1,,,2,,3
,Hiawatha (Chatham) (UP),86,,,Public - Surface Lifts Only,Independent,,Yes,Yes,Yes,,0,,,,,,,,,,,,,,,,1,,1
,Hickory Hills,237,125,60,Public - Surface Lifts Only,Independent,"Michigan White Gold Card, Michigan Kids Passport",Yes,Yes,Yes,,0,,,,,,,,,,,,,,,,6,1,7
,Homestead,225,16,,Public w/Aerial Lifts,Independent,"Michigan White Gold Card, Michigan Kids Passport",Yes,Yes,Yes,,0,,,,,,,,,2,,1,,,,,1,1,5
,Marquette Mountain (UP),540,330,210,Public w/Aerial Lifts,Independent,"Indy, Indy+, Michigan White Gold Card, Michigan Kids Passport, Indy Learn-To-Turn",Yes,Yes,Yes,Yes,0,,,,,,,,,1,,2,,,,,1,,4
,Missaukee Mountain,157,25,90,Public - Surface Lifts Only,Independent,,Yes,Yes,Yes,,0,,,,,,,,,,,,,,,,2,,2
,Mont Ripley (UP),470,115,275,Public w/Aerial Lifts,Independent,"Indy Allied, Michigan White Gold Card, Michigan Kids Passport",Yes,Yes,Yes,Yes,0,,,,,,,,,,,2,,1,,,1,,4
,Mount Bohemia (UP),898,585,273,Public w/Aerial Lifts,Independent,Michigan White Gold Card,Yes,Yes,Yes,Yes,0,,,,,,,,,1,,1,,,,,,,2
,Mount Brighton,230,130,60,Public w/Aerial Lifts,Vail Resorts,"Epic, Epic Local, Epic Northeast Value, Epic Northeast Midweek, Epic Day All, Epic Day 32, Epic Day 22, Michigan White Gold Card, Michigan Kids Passport",Yes,Yes,Yes,Yes,0,,,,,,,,2,3,,,,,,,5,2,12
,Mount Holiday,200,45,59,Public w/Aerial Lifts,Independent,"Indy, Indy+, Michigan White Gold Card, Indy Learn-To-Turn, Michigan Kids Passport",Yes,Yes,Yes,,0,,,,,,,,,,,2,,,,,,,2
,Mount Holly,350,100,42,Public w/Aerial Lifts,Wisconsin Resorts,"Wisconsin Resorts, Michigan White Gold Card, Michigan Kids Passport",Yes,Yes,Yes,Yes,0,,,,,,,2,2,2,,1,,,,,4,2,13
,Mount McSauba (Charlevoix Mountain Ski Hill),150,80,120,Public - Surface Lifts Only,Independent,,Yes,Yes,Yes,,0,,,,,,,,,,,,,,,,4,,4
,Mount Zion (UP),300,20,200,Public w/Aerial Lifts,Independent,Michigan White Gold Card,Yes,Yes,Yes,,0,,,,,,,,,,,1,,,,,3,,4
,Mulligan’s Hollow,130,7,60,Public - Surface Lifts Only,Independent,,Yes,Yes,Yes,,0,,,,,,,,,,,,,,,,5,,5
,Norway Mountain,500,160,33,Public w/Aerial Lifts,Independent,"Indy, Indy+, Freedom, Michigan White Gold Card, Michigan Kids Passport",No,Yes,Yes,,0,,,,,,,,,1,,2,,,,,3,,6
,Nub’s Nob,425,248,125,Public w/Aerial Lifts,Independent,"Indy, Indy+, Michigan White Gold Card, Indy Learn-To-Turn, Michigan Kids Passport",Yes,Yes,Yes,Yes,0,,,,,,,,3,4,,1,,,,,1,1,10
,Otsego,400,160,155,Public w/Aerial Lifts,Independent,"Michigan White Gold Card, Michigan Kids Passport",Yes,Yes,Yes,,0,,,,,,,,1,1,,3,,,,,,,5
,Pine Knob,300,80,60,Public w/Aerial Lifts,Wisconsin Resorts,"Wisconsin Resorts, Michigan White Gold Card",Yes,Yes,Yes,Yes,0,,,,,,,,,5,,,,,,,5,3,13
,Pine Mountain (UP),364,220,30,Public w/Aerial Lifts,Independent,"Indy, Indy+, Michigan White Gold Card, Michigan Kids Passport",Yes,Yes,Yes,,0,,,,,,,,,1,,2,,,,,3,,6
,Porcupine Mountains (UP),630,200,200,Public w/Aerial Lifts,Independent,"Michigan White Gold Card, Michigan Kids Passport",Yes,Yes,Yes,Yes,0,,,,,,,,,1,,,,,,,2,,3
,Sault Seal (UP),76,,,Public - Surface Lifts Only,Independent,,No,Yes,Yes,,0,,,,,,,,,,,,,,,,1,,1
,Shanty Creek - Schuss,500,81,160,Public w/Aerial Lifts,Independent,"Indy, Indy+, Michigan White Gold Card, Michigan Kids Passport",Yes,Yes,Yes,Yes,0,,,,,,,,5,,,2,,,,,1,1,9
,Ski Brule (UP),421,150,150,Public w/Aerial Lifts,Independent,Michigan White Gold Card,Yes,Yes,Yes,Yes,0,,,,,,,,,,,5,,2,,,5,,12
,Snow Snake,210,40,60,Public w/Aerial Lifts,Independent,"Michigan White Gold Card, Michigan Kids Passport",Yes,Yes,Yes,Yes,0,,,,,,,,,1,,,,,,,2,1,4
,Snowriver: Black River (UP),490,170,204,Public w/Aerial Lifts,Midwest Family Ski Resorts,"Indy, Indy+, Legendary Pass, Michigan White Gold Card, Michigan Kids Passport",Yes,Yes,Yes,Yes,0,,,,,,,,,,,4,,,,,1,,5
,Snowriver: Jackson Creek (UP),538,230,204,Public w/Aerial Lifts,Midwest Family Ski Resorts,"Indy, Indy+, Legendary Pass, Michigan White Gold Card, Michigan Kids Passport",Yes,Yes,Yes,Yes,0,,,,,1,,,,,,2,,1,,,1,1,6
,Swiss Valley,225,60,39,Public w/Aerial Lifts,Perfect Family,"Michigan White Gold Card, Michigan Kids Passport, Perfect Pass",Yes,Yes,Yes,Yes,0,,,,,,,,2,1,,,,,,,1,2,6
,The Highlands ,513,435,140,Public w/Aerial Lifts,Boyne Resorts,"Ikon, Ikon Base, Ikon Session, Boyne Passport, Boyne Explorer, New England Pass, Michigan Pass, Michigan White Gold Card, Michigan Kids Passport",Yes,Yes,Yes,Yes,0,,,,,1,,1,3,1,,,,,,,1,2,9
,Timber Ridge,250,50,80,Public w/Aerial Lifts,Independent,"Michigan White Gold Card, Michigan Kids Passport",Yes,Yes,Yes,Yes,0,,,,,,,,1,1,,2,,,,,4,1,9
,Tower Mountain,100,10,,Public - Surface Lifts Only,Independent,,No,Yes,Yes,,0,,,,,,,,,,,,,,,,1,,1
,Treetops,223,80,140,Public w/Aerial Lifts,Independent,"Indy, Indy+, Michigan White Gold Card, Michigan Kids Passport",Yes,Yes,Yes,Yes,0,,,,,,,,,3,,,,,,,,2,5
U.S. - Minnesota,Afton Alps,350,300,60,Public w/Aerial Lifts,Vail Resorts,"Epic, Epic Local, Epic Day All, Epic Day 32, Epic Day 22, Minnesota Ski Areas Kids Passport",Yes,Yes,Yes,Yes,0,,,,,,,,1,2,,12,,,,,2,2,19
,Andes Tower Hills,290,70,50,Public w/Aerial Lifts,Independent,"Indy, Indy+, Minnesota Ski Areas Kids Passport",Yes,Yes,Yes,Yes,0,,,,,,,,1,2,,,,,,,1,2,6
,Buck Hill,309,45,60,Public w/Aerial Lifts,Independent,"Ikon, Minnesota Ski Areas Kids Passport",Yes,Yes,Yes,Yes,0,,,,,,,,2,1,,,,,,,4,2,9
,Buena Vista,230,30,78,Public w/Aerial Lifts,Independent,Minnesota Ski Areas Kids Passport,Yes,Yes,Yes,Yes,0,,,,,,,,,2,,2,,,,,1,,5
,Chester Bowl,164,6,100,Public w/Aerial Lifts,City of Duluth,Minnesota Ski Areas Kids Passport,Yes,Yes,Yes,Yes,0,,,,,,,,,,,1,,,,,,,1
,Cloquet Nordic Ski Club,N/A,,,Public - Surface Lifts Only,Independent,,Yes,Yes,Yes,Yes,0,,,,,,,,,,,,,,,,1,,1
,Coffee Mill,425,40,48,Public w/Aerial Lifts,Independent,Minnesota Ski Areas Kids Passport,Yes,Yes,Yes,Yes,0,,,,,,,,,,,2,,,,,1,,3
,Como Park Ski Center,150,15,,Public - Surface Lifts Only,Independent,Minnesota Ski Areas Kids Passport,Yes,Yes,Yes,Yes,0,,,,,,,,,,,,,,,,2,,2
,Detroit Mountain,210,45,21,Public w/Aerial Lifts,Independent,"Indy, Indy+, Minnesota Ski Areas Kids Passport",Yes,Yes,Yes,Yes,0,,,,,,,,,2,,,,,,,2,2,6
,Elm Creek,100,,,Public - Surface Lifts Only,Three Rivers Park District,Minnesota Ski Areas Kids Passport,Yes,Yes,Yes,Yes,0,,,,,,,,,,,,,,,,3,3,6
,Giants Ridge,500,202,62,Public w/Aerial Lifts,Independent,Minnesota Ski Areas Kids Passport,Yes,Yes,Yes,Yes,0,,,,,,,1,1,1,,2,,,,,,2,7
,Hyland Hills,175,35,60,Public w/Aerial Lifts,Three Rivers Park District,"Indy, Indy+, Minnesota Ski Areas Kids Passport",Yes,Yes,Yes,Yes,0,,,,,,,,3,,,,,,,,4,2,9
,Lutsen Mountains,825,"1,000",120,Public w/Aerial Lifts,Midwest Family Ski Resorts,"Indy, Indy+, Legendary Pass, Minnesota Ski Areas Kids Passport",Yes,Yes,Yes,Yes,0,1,,,,2,,,,,,3,,,,,,1,7
,Mount Itasca,180,,,Public w/Aerial Lifts,Independent,Minnesota Ski Areas Kids Passport,Yes,Yes,Yes,Yes,0,,,,,,,,,,,1,,,,1,,,2
,Mount Kato,240,55,50,Public w/Aerial Lifts,Independent,"Indy, Indy+, Indy Learn-To-Turn, Minnesota Ski Areas Kids Passport",Yes,Yes,Yes,Yes,0,,,,,,,,5,,,3,,,,,,1,9
,Mount Ski Gull,230,55,50,Public w/Aerial Lifts,Independent,Minnesota Ski Areas Kids Passport,Yes,Yes,Yes,Yes,0,,,,,,,,,1,,,,,,,1,1,3
,Powder Ridge,290,60,60,Public w/Aerial Lifts,Independent,"Indy, Indy+, Minnesota Ski Areas Kids Passport",Yes,Yes,Yes,Yes,0,,,,,,,,2,,,1,,,1,,3,,7
,Spirit Mountain,700,175,90,Public w/Aerial Lifts,City of Duluth,"Indy, Indy+, Minnesota Ski Areas Kids Passport",Yes,Yes,Yes,Yes,0,,,,,,,1,2,,,,,,,,1,2,6
,Steeplechase,240,45,,Public w/Aerial Lifts,Independent,Freedom,Yes,Yes,Yes,Yes,0,,,,,,,,,2,,2,,,,,,,4
,Welch Village,360,140,45,Public w/Aerial Lifts,Independent,Minnesota Ski Areas Kids Passport,Yes,Yes,Yes,Yes,0,,,,,,,,7,1,,,,,,,1,2,11
,Wild Mountain,300,100,50,Public w/Aerial Lifts,Independent,"Ikon, Minnesota Ski Areas Kids Passport",Yes,Yes,Yes,Yes,0,,,,,,,,4,,,,,,,,4,1,9
U.S. - Missouri,Hidden Valley,320,65,19,Public w/Aerial Lifts,Vail Resorts,"Epic, Epic Local, Epic Day All, Epic Day 32, Epic Day 22",Yes,Yes,Yes,Yes,0,,,,,,,,2,2,,1,,,,,1,1,7
,Snow Creek,300,25,20,Public w/Aerial Lifts,Vail Resorts,"Epic, Epic Local, Epic Day All, Epic Day 32, Epic Day 22",Yes,Yes,Yes,,0,,,,,,,,,2,,1,,,,,1,1,5
U.S. - Montana,Bear Canyon,590,,,Private - Surface Lifts Only,Independent,,Yes,Yes,Yes,,0,,,,,,,,,,,,,1,,,,,1
,Bear Paw,900,80,140,Public w/Aerial Lifts,Independent,,No,Yes,Yes,,0,,,,,,,,,,,1,,,,,1,,2
,Big Sky,"4,350","5,850",291,Public w/Aerial Lifts,Boyne Resorts,"Ikon, Ikon Base, Ikon Session, Mountain Collective, New England Pass, Boyne Passport, Boyne Explorer, Michigan Pass",Yes,Yes,Yes,Yes,1,2,,,2,2,,4,3,9,,4,,,,3,1,8,39
,Blacktail,"1,440","1,000",250,Public w/Aerial Lifts,Larry Scrivanich,"Indy, Indy+, Powder Alliance, Indy Learn-To-Turn",Yes,Yes,Yes,Yes,0,,,,,,,,,1,,2,,,,,,1,4
,Bridger Bowl,"2,600","2,000",303,Public w/Aerial Lifts,Independent,,Yes,Yes,Yes,Yes,0,,,,,,,,1,6,,1,,,,1,,2,11
,Discovery,"2,388","2,200",215,Public w/Aerial Lifts,Independent,,Yes,Yes,Yes,Yes,0,,,,,,,,,5,,2,,,,,,1,8
,Great Divide,"1,500","1,600",180,Public w/Aerial Lifts,Independent,,Yes,Yes,Yes,Yes,0,,,,,,,,,,,5,,,,,1,,6
,Lost Trail ,"1,800","1,800",325,Public w/Aerial Lifts,Independent,"Indy, Indy+, Ski Idaho Kids Passport",Yes,Yes,Yes,Yes,0,,,,,,,,,,,5,,,,,1,,6
,Maverick Mountain,"1,950",255,225,Public w/Aerial Lifts,Independent,,Yes,Yes,Yes,Yes,0,,,,,,,,,,,1,,,,,1,,2
,Montana Snowbowl,"2,600","2,000",250,Public w/Aerial Lifts,Independent,"Indy, Indy+",Yes,Yes,Yes,,0,,,,,,,,,1,,3,,1,,,1,,6
,Red Lodge,"2,400","1,635",200,Public w/Aerial Lifts,JMA Ventures,"Indy, Indy+",Yes,Yes,Yes,Yes,0,,,,,,,2,,1,1,2,,,,,,2,8
,Showdown,"1,400",640,225,Public w/Aerial Lifts,Independent,,Yes,Yes,Yes,Yes,0,,,,,,,,,1,,2,,,,,,1,4
,Teton Pass,"1,000",407,250,Public w/Aerial Lifts,Independent,,Yes,Yes,Yes,,0,,,,,,,,,,,1,,,,1,,1,3
,Turner,"2,110","1,000",250,Public w/Aerial Lifts,Independent,,Yes,Yes,Yes,,0,,,,,,,,,,,1,,,,,,,1
,Whitefish,"2,353","3,000",303,Public w/Aerial Lifts,Independent,,Yes,Yes,Yes,Yes,0,,,,,1,,3,2,6,,,,2,,,,2,16
,Yellowstone Club,"2,700","2,700",291,Private w/Aerial Lifts,Independent,,Yes,Yes,Yes,,1,1,,,,,,6,2,3,,2,,,,4,,3,22
U.S. - Nevada,Diamond Peak,"1,840",655,250,Public w/Aerial Lifts,Independent,California Gold Pass,Yes,Yes,Yes,Yes,0,,,,,,,1,2,,,3,,,,,,1,7
,Elko Snobowl,700,60,24,Public w/Aerial Lifts,Independent,,Yes,No,Yes,,0,,,,,,,,,,,1,,,,,1,,2
,Lee Canyon,860,195,161,Public w/Aerial Lifts,Mountain Capital Partners,"Power Pass Full, Power Pass Select, Power Pass Core, Weekday Power Pass, California Gold Pass",Yes,Yes,Yes,Yes,0,,,,,,,,3,1,,,,,,,1,1,6
,Mt. Rose,"1,800","1,200",313,Public w/Aerial Lifts,Independent,California Gold Pass,Yes,Yes,Yes,Yes,0,,,,,2,,1,2,1,,,,,,,,3,9
,Sky Tavern,673,,,Private w/Aerial Lifts,Independent,California Gold Pass,Yes,Yes,Yes,,0,,,,,,,,,2,,,,,,,,2,4
U.S. - New Hampshire,Abenaki (Wolfboro),215,18,,Public - Surface Lifts Only,Independent,Ski New Hampshire Kids Passport,Yes,Yes,Yes,,0,,,,,,,,,,,,,,,,2,,2
,Arrowhead,120,,,Public - Surface Lifts Only,Independent,,Yes,Yes,Yes,,0,,,,,,,,,,,,,,,,1,,1
,Attitash,"1,750",311,120,Public w/Aerial Lifts,Vail Resorts,"Epic, Epic Local, Epic Northeast Value, Epic Northeast Midweek, Epic Day All, Epic Day 32, Epic Day 22, Ski New Hampshire Kids Passport",Yes,Yes,Yes,Yes,0,,,,,,,3,2,2,,,,,,,,1,8
,Black Mountain,"1,100",140,125,Public w/Aerial Lifts,Independent,"Indy, Indy+, Indy Learn-To-Turn",Yes,Yes,Yes,Yes,0,,,,,,,,,1,,1,,,1,1,1,,5
,Bretton Woods,"1,500",464,200,Public w/Aerial Lifts,Omni Hotels,"White Mountain Super Pass, Ski New Hampshire Kids Passport",Yes,Yes,Yes,Yes,0,1,,,,,,4,1,,,,,1,,,,2,9
,Campton,313,,,Public w/Aerial Lifts,Independent,,Yes,Yes,Yes,,0,,,,,,,,,,,1,,,,,1,,2
,Cannon,"2,180",287,160,Public w/Aerial Lifts,Independent,"Indy, Indy+, White Mountain Super Pass, Ski New Hampshire Kids Passport",Yes,Yes,Yes,Yes,1,,,,,,,1,2,3,,1,,1,,,1,,10
,Clancy (Cardigan Mtn School),60,,,Private - Surface Lifts Only,Independent,,Yes,Yes,Yes,,0,,,,,,,,,,,,,,,,1,,1
,Cranmore,"1,200",170,120,Public w/Aerial Lifts,Fairbank Group,"Ikon, Uphill New England, White Mountain Super Pass, Ski New Hampshire Kids Passport",Yes,Yes,Yes,Yes,0,,,,,,,1,1,2,,1,,,,,,2,7
,Crotched,"1,016",100,65,Public w/Aerial Lifts,Vail Resorts,"Epic, Epic Local, Epic Northeast Value, Epic Northeast Midweek, Epic Day All, Epic Day 32, Epic Day 22, Ski New Hampshire Kids Passport",Yes,Yes,Yes,,0,,,,,,,1,1,1,,1,,,,,,1,5
,Dartmouth Skiway,968,104,100,Public w/Aerial Lifts,Independent,"Indy, Indy+, Uphill New England, Indy Learn-To-Turn, Ski New Hampshire Kids Passport",Yes,Yes,Yes,,0,,,,,,,,1,,,1,,,,,,2,4
,Granite Gorge,525,25,100,Public w/Aerial Lifts,Independent,Ski New Hampshire Kids Passport,Yes,Yes,Yes,,0,,,,,,,,,,,1,,,,,1,1,3
,Gunstock,"1,340",227,120,Public w/Aerial Lifts,Independent,"Uphill New England, Ski New Hampshire Kids Passport",Yes,Yes,Yes,Yes,0,,,,,,,1,2,2,,,,,,,,3,8
,Kanc Recreation Area,221,7,,Public - Surface Lifts Only,Independent,,Yes,Yes,Yes,,0,,,,,,,,,,,,,,,,,1,1
,King Pine,350,45,82,Public w/Aerial Lifts,Independent,"Indy Allied, Uphill New England, Ski New Hampshire Kids Passport",Yes,Yes,Yes,Yes,0,,,,,,,,,3,,,,,,,,2,5
,Loon,"2,100",403,160,Public w/Aerial Lifts,Boyne Resorts,"Ikon, Ikon Base, Ikon Session, New England Pass, New England Day, Boyne Passport, Boyne Explorer, Michigan Pass, Ski New Hampshire Kids Passport",Yes,Yes,Yes,Yes,0,1,1,,1,,,3,2,,,4,,,,,,3,15
,McIntyre,170,26,50,Public w/Aerial Lifts,Independent,"Indy, Indy+, Freedom, Ski New Hampshire Kids Passport",Yes,Yes,Yes,Yes,0,,,,,,,,,,,2,,,,,,2,4
,Mount Eustis,240,,,Public - Surface Lifts Only,Independent,,Yes,Yes,Yes,,0,,,,,,,,,,,,,,,,1,,1
,Mount Sunapee,"1,510",233,130,Public w/Aerial Lifts,Vail Resorts,"Epic, Epic Local, Epic Northeast Value, Epic Northeast Midweek, Epic Day All, Epic Day 32, Epic Day 22, Ski New Hampshire Kids Passport",Yes,Yes,Yes,Yes,0,,,,,,,2,1,2,,,,,,,,3,8
,Norm Wright (Dublin School),100,,,Private - Surface Lifts Only,Independent,,Yes,Yes,Yes,,0,,,,,,,,,,,,,,,,1,,1
,Pats Peak,770,115,100,Public w/Aerial Lifts,Independent,"Indy, Indy+, Indy Learn-To-Turn, Ski New Hampshire Kids Passport",Yes,Yes,Yes,Yes,0,,,,,,,,1,3,,2,,,1,,2,2,11
,Proctor,436,,,Private - Surface Lifts Only,Independent,,Yes,Yes,Yes,,0,,,,,,,,,,,,,1,,,1,,2
,Ragged,"1,250",250,100,Public w/Aerial Lifts,Independent,"Indy, Indy+, Ski New Hampshire Kids Passport",Yes,Yes,Yes,Yes,0,,,,,1,,1,,1,,,,,,,,,3
,Red Hill,181,,,Private - Surface Lifts Only,Independent,,Yes,Yes,Yes,,0,,,,,,,,,,,,,,,,1,,1
,Storrs Hill,300,20,,Public - Surface Lifts Only,Independent,,Yes,Yes,Yes,,0,,,,,,,,,,,,,,,1,,,1
,Tenney,"1,400",130,140,Public w/Aerial Lifts,Independent,"Indy, Indy+, Uphill New England, Indy Learn-To-Turn, Ski New Hampshire Kids Passport",Yes,Yes,Yes,Yes,0,,,,,,,,,1,,1,,,,1,,2,5
,Veterans Memorial,220,50,,Public - Surface Lifts Only,Independent,,Yes,Yes,Yes,,0,,,,,,,,,,,,,1,,,1,1,3
,Waterville Valley,"2,020",265,148,Public w/Aerial Lifts,Independent,"Indy, Indy+, Uphill New England, White Mountain Super Pass, Indy Learn-To-Turn, Ski New Hampshire Kids Passport",Yes,Yes,Yes,Yes,0,,,,,1,,1,,2,,2,,2,,,,2,10
,Whaleback Mountain,700,85,110,Public w/Aerial Lifts,Independent,"Indy, Indy+, Uphill New England, Ski New Hampshire Kids Passport",Yes,Yes,Yes,,0,,,,,,,,,,,1,,1,,,1,1,4
,Wildcat,"2,112",225,200,Public w/Aerial Lifts,Vail Resorts,"Epic, Epic Local, Epic Northeast Value, Epic Northeast Midweek, Epic Day All, Epic Day 32, Epic Day 22, Ski New Hampshire Kids Passport",Yes,Yes,Yes,Yes,0,,,,,,,1,,3,,,,,,,,1,5
U.S. - New Jersey,Big Snow American Dream,160,4,0,Public w/Aerial Lifts,Snow Partners,"Snow Triple Play, WNEP Ski Card",Yes,Yes,Yes,Yes,0,,,,,,,,1,,,,,,,1,,2,4
,Campgaw,270,18,45,Public w/Aerial Lifts,Independent,,Yes,Yes,Yes,,0,,,,,,,,,,,2,,,,,,3,5
,Mountain Creek,"1,040",167,65,Public w/Aerial Lifts,Snow Partners,"Snow Triple Play, WNEP Ski Card, Ski New York Kids Passport",Yes,Yes,Yes,Yes,0,,,1,,,,2,2,1,,1,,,,,,2,9
,National Winter Activity Center,620,36,65,Private w/Aerial Lifts,Independent,,Yes,Yes,Yes,,0,,,,,,,,1,1,,,,,,,,1,3
U.S. - New Mexico,Angel Fire Resort,"2,077",560,210,Public w/Aerial Lifts,Independent,"Powder Alliance, Ski New Mexico True Pass",Yes,Yes,Yes,Yes,0,,,,,,,2,1,,,3,,,,,,2,8
,Cloudcroft,700,74,120,Public w/Aerial Lifts,Independent,,Yes,Yes,Yes,Yes,0,,,,,,,,,,,1,,,,,2,,3
,Pajarito,"1,440",280,125,Public w/Aerial Lifts,Mountain Capital Partners,"Power Pass Full, Power Pass Select, Power Pass Core, Weekday Power Pass, Ski New Mexico True Pass",Yes,Yes,Yes,,0,,,,,,,,1,1,,3,,,,,,1,6
,Red River,"1,600",285,214,Public w/Aerial Lifts,Independent,"Freedom, Ski New Mexico True Pass",Yes,Yes,Yes,Yes,0,,,,,,,,1,4,,,,,,,2,,7
,Sandia Peak,"1,700",300,117,Public w/Aerial Lifts,Mountain Capital Partners,"Power Pass Full, Power Pass Select, Power Pass Core, Weekday Power Pass, Ski New Mexico True Pass",Yes,Yes,Yes,,1,,,,,,,,,,,3,,,,,1,,5
,Sipapu,"1,055",215,185,Public w/Aerial Lifts,Mountain Capital Partners,"Power Pass Full, Power Pass Select, Power Pass Core, Weekday Power Pass, Ski New Mexico True Pass",Yes,Yes,Yes,Yes,0,,,,,,,,1,2,,1,,,,,,2,6
,Ski Apache,"1,900",750,180,Public w/Aerial Lifts,Independent,,Yes,Yes,Yes,Yes,0,1,,,,,,,3,5,,,,,,,2,,11
,Ski Santa Fe,"1,725",660,225,Public w/Aerial Lifts,Independent,Ski New Mexico True Pass,Yes,Yes,Yes,Yes,0,,,,,,,1,1,2,,1,,,,,,2,7
,Taos Ski Valley,"3,100","1,294",300,Public w/Aerial Lifts,Independent,"Ikon, Ikon Base, Ikon Session, Mountain Collective, Ski New Mexico True Pass",Yes,Yes,Yes,Yes,0,,1,,,,,2,2,4,,1,,,,,,3,13
U.S. - New York,Beartown,150,32,,Public - Surface Lifts Only,Independent,,Yes,Yes,Yes,Yes,0,,,,,,,,,,,,,1,,1,,,2
,Belleayre,"1,404",171,141,Public w/Aerial Lifts,New York State,"NY Ski 3, Snow Triple Play, Ski New York Kids Passport, Ski New York Gold Card",Yes,Yes,Yes,Yes,0,1,,,,,,1,3,,,,,,,,,4,9
,Brantling,250,36,100,Public - Surface Lifts Only,Independent,,Yes,Yes,Yes,Yes,0,,,,,,,,,,,,,1,,,5,,6
,Bristol,"1,200",138,130,Public w/Aerial Lifts,Independent,"Ski New York Kids Passport, Ski New York Gold Card",Yes,Yes,Yes,Yes,0,,,,,,,2,1,1,,1,,,,,,2,7
,Buffalo Ski Center,463,175,180,Public w/Aerial Lifts,Independent,"Indy, Indy+, Ski New York Kids Passport, Ski New York Gold Card",Yes,Yes,Yes,Yes,0,,,,,,,,,,,2,,2,,,1,1,6
,Camillus,125,,,Public - Surface Lifts Only,Independent,,Yes,Yes,Yes,,0,,,,,,,,,,,,,,,,2,,2
,Cazenovia Ski Club,460,25,99,Private - Surface Lifts Only,Independent,"Indy, Indy+",Yes,Yes,Yes,,0,,,,,,,,,,,,,1,,,1,,2
,Chestnut Ridge,48,,,Public - Surface Lifts Only,Erie County Parks,,Yes,Yes,Yes,,0,,,,,,,,,,,,,,,,1,,1
,Double H Ranch,110,,,Private w/Aerial Lifts,Independent,,Yes,Yes,Yes,,0,,,,,,,,,,,1,,,,,,,1
,Dry Hill,300,42,125,Public w/Aerial Lifts,Independent,"Indy, Indy+, Ski New York Kids Passport, Ski New York Gold Card",Yes,Yes,Yes,Yes,0,,,,,,,,,,,1,,1,,,,1,3
,Dynamite Hill,65,8,,Public - Surface Lifts Only,Independent,,Yes,Yes,Yes,,0,,,,,,,,,,,,,,,,1,,1
,Emery County Park,122,,,Public - Surface Lifts Only,Erie County Parks,,Yes,Yes,Yes,,0,,,,,,,,,,,,,,,,,1,1
,Gore,"2,562",453,125,Public w/Aerial Lifts,New York State,"NY Ski 3, Snow Triple Play, Ski New York Kids Passport, Ski New York Gold Card",Yes,Yes,Yes,Yes,0,1,,,,,,3,6,1,,,,,1,,,2,14
,Greek Peak,952,300,120,Public w/Aerial Lifts,Independent,"Indy, Indy+, Indy Learn-To-Turn, Ski New York Kids Passport, Ski New York Gold Card",Yes,Yes,Yes,Yes,0,,,,,,,,1,2,,3,,,,,,2,8
,Holiday Mountain,400,37,90,Public w/Aerial Lifts,Independent,"Ski New York Kids Passport, Ski New York Gold Card",Yes,Yes,Yes,,0,,,,,,,,1,1,,,,,,,,1,3
,Holiday Valley,750,290,180,Public w/Aerial Lifts,Independent,"Ski New York Kids Passport, Ski New York Gold Card",Yes,Yes,Yes,Yes,0,,,,,1,,3,7,,,,,,,,,2,13
,Holimont,700,135,180,Private w/Aerial Lifts,Independent,Ski New York Gold Card,Yes,Yes,Yes,,0,,,,,,,1,1,2,,2,,,,,,2,8
,Hunt Hollow,815,80,46,Private w/Aerial Lifts,Independent,"Indy, Indy+, Indy Learn-To-Turn, Ski New York Kids Passport, Ski New York Gold Card",Yes,Yes,Yes,,0,,,,,,,,,1,,1,,1,,,,1,4
,Hunter,"1,600",320,70,Public w/Aerial Lifts,Vail Resorts,"Epic, Epic Local, Epic Northeast Value, Epic Northeast Midweek, Epic Day All, Epic Day 32, Ski New York Gold Card",Yes,Yes,Yes,Yes,0,,,,,3,,1,2,1,,2,,,,1,,3,13
,Kissing Bridge,550,,180,Public w/Aerial Lifts,Independent,"Ski New York Kids Passport, Ski New York Gold Card, Snow Triple Play",Yes,Yes,Yes,Yes,0,,,,,,,,2,1,,3,,,,,2,1,9
,Labrador,700,250,125,Public w/Aerial Lifts,Intermountain Management,"Labrador/Song, Ski New York Kids Passport, Ski New York Gold Card",Yes,Yes,Yes,Yes,0,,,,,,,,,1,,2,,1,,,2,,6
,Maple Ski Ridge,270,60,60,Public w/Aerial Lifts,Independent,"Indy, Indy+, Indy Learn-To-Turn, Ski New York Gold Card",Yes,Yes,Yes,Yes,0,,,,,,,,,1,,1,,,,,2,,4
,McCauley,633,75,281,Public w/Aerial Lifts,Independent,"Ski New York Kids Passport, Ski New York Gold Card",Yes,Yes,Yes,Yes,0,,,,,,,,,1,,,,2,,,2,,5
,Mount Peter,280,60,50,Public w/Aerial Lifts,Independent,"Ski New York Kids Passport, Ski New York Gold Card",Yes,Yes,Yes,Yes,0,,,,,,,,1,,,2,,,,,,3,6
,Mount Pisgah,329,15,60,Public - Surface Lifts Only,Independent,Ski New York Kids Passport,Yes,Yes,Yes,Yes,0,,,,,,,,,,,,,1,,,1,,2
,Newcomb,161,,,Public - Surface Lifts Only,Independent,,Yes,Yes,Yes,,0,,,,,,,,,,,,,1,,,,,1
,Northampton,N/A,,,Public - Surface Lifts Only,Schoonover Family,,Yes,Yes,Yes,Yes,0,,,,,,,,,,,,,,,,1,,1
,Oak Mountain,650,100,120,Public w/Aerial Lifts,Independent,"Snow Triple Play, Ski New York Kids Passport, Ski New York Gold Card",Yes,Yes,Yes,Yes,0,,,,,,,,1,,,,,1,,,,2,4
,Peek’n Peak,400,130,200,Public w/Aerial Lifts,Independent,"Indy, Indy+, Ski New York Kids Passport, Ski New York Gold Card",Yes,Yes,Yes,Yes,0,,,,,,,,,6,,2,,,,,,3,11
,Plattekill,"1,100",119,175,Public w/Aerial Lifts,Independent,"Snow Triple Play, Ski New York Kids Passport, Ski New York Gold Card",Yes,Yes,Yes,Yes,0,,,,,,,,,1,,1,,,,,,1,3
,Powder Mills,N/A,,,Public - Surface Lifts Only,Schoonover Family,,Yes,Yes,Yes,Yes,0,,,,,,,,,,,,,,,,1,,1
,Ridin' Hy Ranch,100,10,98,Private - Surface Lifts Only,Independent,,Yes,Yes,Yes,,0,,,,,,,,,,,,,1,,,,,1
,Rocking Horse Ranch,150,10,30,Private - Surface Lifts Only,Independent,,Yes,Yes,Yes,,0,,,,,,,,,,,,,,,,,1,1
,Royal Mountain,575,60,90,Public w/Aerial Lifts,Independent,Ski New York Gold Card,Yes,Yes,Yes,Yes,0,,,,,,,,,,,3,,,,,,1,4
,Skaneateles,400,33,100,Public - Surface Lifts Only,Independent,"Indy, Indy+, Ski New York Kids Passport",Yes,Yes,Yes,Yes,0,,,,,,,,,,,,,1,,,2,,3
,Ski Venture,100,,,Private - Surface Lifts Only,Independent,,Yes,Yes,Yes,,0,,,,,,,,,,,,,,,,2,,2
,Snow Ridge,500,150,230,Public w/Aerial Lifts,Independent,"Indy, Indy+, Ski New York Kids Passport, Ski New York Gold Card",Yes,Yes,Yes,Yes,0,,,,,,,,,,,3,,1,,,,1,5
,Song Mountain,700,100,125,Public w/Aerial Lifts,Intermountain Management,"Labrador/Song, Ski New York Kids Passport, Ski New York Gold Card",Yes,Yes,Yes,Yes,0,,,,,,,,,2,,2,,,,,,,4
,Swain,650,120,130,Public w/Aerial Lifts,Schoonover Family,"Indy, Indy+, WNEP Ski Card, Ski New York Kids Passport, Ski New York Gold Card, Indy Learn-To-Turn",Yes,Yes,Yes,Yes,0,,,,,,,,3,,,1,,,,,,1,5
,Thunder Ridge,600,100,60,Public w/Aerial Lifts,Independent,"Ski New York Kids Passport, Ski New York Gold Card",Yes,Yes,Yes,,0,,,,,,,,,1,,2,,,,,,5,8
,Titus,"1,200",380,150,Public w/Aerial Lifts,Independent,"Indy, Indy+, Indy Learn-To-Turn, Ski New York Kids Passport, Ski New York Gold Card",Yes,Yes,Yes,Yes,0,,,,,,,,,2,,5,,,,,,1,8
,Val Bialis,150,,,Public - Surface Lifts Only,Independent,,No,Yes,Yes,,0,,,,,,,,,,,,,,,,1,,1
,Victor Constant,475,,39,Public w/Aerial Lifts,Independent,,Yes,Yes,Yes,,0,,,,,,,,,1,,,,,,,1,,2
,Villa Roma,190,,,Public w/Aerial Lifts,Independent,,Yes,Yes,Yes,,0,,,,,,,,,,,1,,,,,,,1
,West Mountain,"1,010",130,80,Public w/Aerial Lifts,Independent,"Indy, Indy+, Ski New York Kids Passport, Ski New York Gold Card",Yes,Yes,Yes,Yes,0,,,,,,,,1,2,,,,,,,1,1,5
,Whiteface,"3,166",299,181,Public w/Aerial Lifts,New York State,"NY Ski 3, Snow Triple Play, Mountain Collective, Ski New York Kids Passport, Ski New York Gold Card",Yes,Yes,Yes,Yes,0,1,,,,,,2,3,1,,2,,,,,,2,11
,Willard,505,85,80,Public w/Aerial Lifts,Independent,Ski New York Gold Card,Yes,Yes,Yes,,0,,,,,,,,,,,2,,,,,2,1,5
,Windham,"1,600",285,105,Public w/Aerial Lifts,Independent,"Ski New York Kids Passport, Ski New York Gold Card",Yes,Yes,Yes,Yes,0,,,,,1,,3,,1,,1,,,,,,5,11
,Woods Valley,500,25,74,Public w/Aerial Lifts,Independent,Ski New York Gold Card,Yes,Yes,Yes,Yes,0,,,,,,,,1,,,2,,,,,,2,5
U.S. - North Carolina,Appalchian Ski Mountain,365,27,27,Public w/Aerial Lifts,Independent,North Carolina Gold Card,Yes,Yes,Yes,Yes,0,,,,,,,,2,,,1,,,,,1,2,6
,Beech Mountain,831,95,84,Public w/Aerial Lifts,Independent,North Carolina Gold Card,Yes,Yes,Yes,Yes,0,,,,,,,,4,,,2,,,,,1,2,9
,Cataloochee,740,50,24,Public w/Aerial Lifts,Independent,"Indy, Indy+, North Carolina Gold Card",Yes,Yes,Yes,Yes,0,,,,,,,,2,1,,,,,,,,2,5
,Hatley Pointe,700,54,65,Public w/Aerial Lifts,Independent,"Indy, Indy+, North Carolina Gold Card",No,Yes,Yes,Yes,0,,,,,,,,2,,,1,,,,,1,2,6
,Sapphire Valley,200,8,24,Public w/Aerial Lifts,Independent,North Carolina Gold Card,Yes,Yes,Yes,Yes,0,,,,,,,,1,,,,,,,,,1,2
,Sugar Mountain,"1,200",115,70,Public w/Aerial Lifts,Independent,North Carolina Gold Card,Yes,Yes,Yes,Yes,0,,,,,1,,2,1,,,2,,,,,,1,7
U.S. - North Dakota,Bottineau Winter Park,200,17,70,Public w/Aerial Lifts,Independent,"Indy, Indy+",Yes,Yes,Yes,Yes,0,,,,,,,,,1,,,,1,,,2,2,6
,Frost Fire,350,30,35,Public w/Aerial Lifts,Independent,,Yes,Yes,Yes,,0,,,,,,,,1,,,,,,,,,1,2
,Huff Hills,382,70,55,Public w/Aerial Lifts,Independent,"Indy, Indy+",Yes,Yes,Yes,,0,,,,,,,,,,,2,,,,,2,,4
,Thrill Hills,290,30,35,Public w/Aerial Lifts,Independent,,Yes,Yes,Yes,,0,,,,,,,,,,,1,,,,,1,,2
U.S. - Ohio,Alpine Valley OH,240,72,120,Public w/Aerial Lifts,Vail Resorts,"Epic, Epic Local, Epic Northeast Value, Epic Northeast Midweek, Epic Ohio, Epic Day All, Epic Day 32, Epic Day 22",Yes,Yes,Yes,,0,,,,,,,,2,1,,,,,,,1,1,5
,Big Creek Ski Area,164,,,Private - Surface Lifts Only,Independent,,Yes,Yes,Yes,,0,,,,,,,,,,,,,2,,,,,2
,Boston Mills,264,40,54,Public w/Aerial Lifts,Vail Resorts,"Epic, Epic Local, Epic Northeast Value, Epic Northeast Midweek, Epic Ohio, Epic Day All, Epic Day 32, Epic Day 22",Yes,Yes,Yes,Yes,0,,,,,,,,1,4,,1,,,,,,1,7
,Brandywine,240,40,54,Public w/Aerial Lifts,Vail Resorts,"Epic, Epic Local, Epic Northeast Value, Epic Northeast Midweek, Epic Ohio, Epic Day All, Epic Day 32, Epic Day 22",Yes,Yes,Yes,,0,,,,,,,,3,2,,,,,,,1,1,7
,Mad River,300,144,36,Public w/Aerial Lifts,Vail Resorts,"Epic, Epic Local, Epic Northeast Value, Epic Northeast Midweek, Epic Ohio, Epic Day All, Epic Day 32, Epic Day 22",Yes,Yes,Yes,Yes,0,,,,,,,,1,2,,2,,,,,3,1,9
,Snow Trails,301,80,52,Public w/Aerial Lifts,Independent,,Yes,Yes,Yes,Yes,0,,,,,,,,,4,,2,,,,,1,2,9
U.S. - Oregon,Anthony Lakes,900,"1,000",250,Public w/Aerial Lifts,Independent,,Yes,Yes,Yes,Yes,0,,,,,,,,,1,,,,,,,1,1,3
,Cooper Spur,431,50,250,Public w/Aerial Lifts,Drake Family,"Indy, Indy+",Yes,Yes,Yes,,0,,,,,,,,,,,1,,,,,1,,2
,Ferguson Ridge,640,170,250,Public - Surface Lifts Only,Independent,,Yes,Yes,Yes,,0,,,,,,,,,,,,,1,,,1,,2
,Hoodoo,"1,035",800,350,Public w/Aerial Lifts,Independent,"Indy, Indy+",Yes,Yes,Yes,,0,,,,,,,,3,1,,1,,,,,,1,6
,Mount Ashland,"1,106",223,285,Public w/Aerial Lifts,Independent,Freedom,Yes,Yes,Yes,Yes,0,,,,,,,,,3,,2,,,,,,1,6
,Mount Bachelor,"3,365","4,323",387,Public w/Aerial Lifts,Powdr,"Ikon, Ikon Base, Ikon Session",Yes,Yes,Yes,Yes,0,,,,,1,,7,1,3,,,,,,,,3,15
,Mount Hood Meadows,"2,777","2,150",439,Public w/Aerial Lifts,Drake Family,"Indy, Indy+",Yes,Yes,Yes,Yes,0,,,,,1,,5,1,,,3,,,,,,1,11
,Mount Hood Skibowl,"1,377",960,250,Public w/Aerial Lifts,Independent,"Powder Alliance, Mt. Hood Fusion Pass",Yes,Yes,Yes,,0,,,,,,,,,,,4,,,,1,2,2,9
,Timberline Lodge (Inc. Summit),"4,540","1,685",540,Public w/Aerial Lifts,Independent,"Powder Alliance, Mt. Hood Fusion Pass",Yes,Yes,Yes,Yes,0,,,,,,,6,,,,2,,,,,,1,9
,Warner Canyon,780,200,50,Public w/Aerial Lifts,Independent,,No,Yes,Yes,,0,,,,,,,,,1,,,,,,,,,1
,Willamette Pass,"1,563",555,375,Public w/Aerial Lifts,Mountain Capital Partners,"Power Pass Full, Power Pass Select, Power Pass Core, Weekday Power Pass",Yes,Yes,Yes,Yes,0,,,,,1,,,,4,,,,,,,,1,6
U.S. - Pennsylvania,Bear Creek,510,86,30,Public w/Aerial Lifts,Independent,"Indy, Indy+, Pennsylvania Outdoor Adventure Pass",Yes,Yes,Yes,Yes,0,,,,,,,,3,1,,,,,,,,1,5
,Big Boulder,475,55,50,Public w/Aerial Lifts,Vail Resorts,"Epic, Epic Local, Epic Northeast Value, Epic Northeast Midweek, Epic Day All, Epic Day 32, Epic Day 22",Yes,Yes,Yes,Yes,0,,,,,,,,2,1,,1,,,,,,1,5
,Blue Knob,"1,072",100,120,Public w/Aerial Lifts,Independent,"Indy, Indy+, Pennsylvania Outdoor Adventure Pass",Yes,Yes,Yes,Yes,0,,,,,,,,,2,,2,,,,,,1,5
,Blue Mountain PA,"1,082",171,33,Public w/Aerial Lifts,Peregrine Hospitality,"Ikon, Ikon Base, Ikon Session, Peak-to-Peak Poconos, Pennsylvania Outdoor Adventure Pass",Yes,Yes,Yes,Yes,0,,,,,2,,1,,1,,1,,,,,,7,12
,Boyce Park,166,25,36,Public w/Aerial Lifts,Independent,,Yes,Yes,Yes,Yes,0,,,,,,,,,,,1,,,,,,1,2
,Camelback,827,166,50,Public w/Aerial Lifts,Peregrine Hospitality,"Ikon, Ikon Base, Ikon Session, Peak-to-Peak Poconos, WNEP Ski Card",Yes,Yes,Yes,Yes,0,,,,,1,,1,1,3,,3,,,,,,4,13
,Eagle Rock,550,,,Private w/Aerial Lifts,Independent,,Yes,Yes,Yes,,0,,,,,,,,,,,2,,,,,,1,3
,Elk Mountain,925,180,65,Public w/Aerial Lifts,Independent,,Yes,Yes,Yes,Yes,0,,,,,,,,1,,,5,,,,,,,6
,Hidden Valley PA,470,110,140,Public w/Aerial Lifts,Vail Resorts,"Epic, Epic Local, Epic Northeast Value, Epic Northeast Midweek, Epic Day All, Epic Day 32, Epic Day 22",Yes,Yes,Yes,Yes,0,,,,,,,,2,2,,,,,,,2,2,8
,Jack Frost,600,100,50,Public w/Aerial Lifts,Vail Resorts,"Epic, Epic Local, Epic Northeast Value, Epic Northeast Midweek, Epic Day All, Epic Day 32, Epic Day 22",Yes,Yes,Yes,Yes,0,,,,,,,,4,,,2,,,,,,,6
,Laurel,761,70,41,Public w/Aerial Lifts,Vail Resorts,"Epic, Epic Local, Epic Northeast Value, Epic Northeast Midweek, Epic Day All, Epic Day 32, Epic Day 22",Yes,Yes,Yes,Yes,0,,,,,,,,1,,,,,,,,1,,2
,Liberty,620,100,31,Public w/Aerial Lifts,Vail Resorts,"Epic, Epic Local, Epic Northeast Value, Epic Northeast Midweek, Epic Day All, Epic Day 32, Epic Day 22",Yes,Yes,Yes,Yes,0,,,,,,,,5,,,,,,,,,2,7
,Locust Lake Village,150,,,Private - Surface Lifts Only,Independent,,Yes,Yes,Yes,,0,,,,,,,,,,,,,1,,,,,1
,Montage,991,140,47,Public w/Aerial Lifts,Independent,"Indy, Indy+",Yes,Yes,Yes,Yes,0,,,,,,,,1,3,,1,,,,,,1,6
,Mount Pleasant,320,35,150,Public w/Aerial Lifts,Independent,Pennsylvania Outdoor Adventure Pass,Yes,Yes,Yes,Yes,0,,,,,,,,,1,,,,,,1,,1,3
,Roundtop,600,103,30,Public w/Aerial Lifts,Vail Resorts,"Epic, Epic Local, Epic Northeast Value, Epic Northeast Midweek, Epic Day All, Epic Day 32, Epic Day 22",Yes,Yes,Yes,Yes,0,,,,,,,,3,2,,,,,1,,,3,9
,Saw Creek,300,,,Private w/Aerial Lifts,Independent,,Yes,Yes,Yes,,0,,,,,,,,,,,1,,,,,,,1
,Seven Springs,754,285,135,Public w/Aerial Lifts,Vail Resorts,"Epic, Epic Local, Epic Northeast Value, Epic Northeast Midweek, Epic Day All, Epic Day 32, Epic Day 22",Yes,Yes,Yes,Yes,0,,,,,2,,,4,4,,,,,,,1,3,14
,Shawnee Mountain,700,120,50,Public w/Aerial Lifts,Independent,"Indy, Indy+, Pennsylvania Outdoor Adventure Pass",Yes,Yes,Yes,Yes,0,,,,,,,1,1,,,4,,,,,,3,9
,Ski Big Bear,650,26,50,Public w/Aerial Lifts,Independent,"Indy, Indy+, WNEP Ski Card, Indy Learn-To-Turn, Pennsylvania Outdoor Adventure Pass",Yes,Yes,Yes,Yes,0,,,,,,,,,,,4,,,,,,3,7
,Ski Sawmill,515,15,24,Public w/Aerial Lifts,Independent,"Indy, Indy+, WNEP Ski Card",Yes,Yes,Yes,Yes,0,,,,,,,,,1,,1,,2,,,,,4
,Spring Mountain,420,45,27,Public w/Aerial Lifts,Independent,Pennsylvania Outdoor Adventure Pass,Yes,Yes,Yes,Yes,0,,,,,,,,,1,,3,,,,,1,1,6
,The Hideout,131,,,Private w/Aerial Lifts,Independent,,Yes,Yes,Yes,,0,,,,,,,,,,,1,,,,,,1,2
,The Peak at Nemacolin,300,25,31,Private w/Aerial Lifts,Independent,,Yes,Yes,Yes,,0,,,,,,,,1,,,,,,,,1,,2
,Tussey,500,38,41,Public w/Aerial Lifts,Independent,"Indy, Indy+",Yes,Yes,Yes,Yes,0,,,,,,,,1,,,1,,1,,,,,3
,Whitetail,935,109,40,Public w/Aerial Lifts,Vail Resorts,"Epic, Epic Local, Epic Northeast Value, Epic Northeast Midweek, Epic Day All, Epic Day 32, Epic Day 22",Yes,Yes,Yes,Yes,0,,,,,,,1,3,,,1,,,,,,2,7
U.S. - Rhode Island,Yawgoo,240,36,39,Public w/Aerial Lifts,Independent,Freedom,Yes,Yes,Yes,Yes,0,,,,,,,,,,,2,,,,,1,,3
U.S. - South Dakota,Deer Mountain,800,,,Private w/Aerial Lifts,Independent,,Yes,Yes,Yes,,0,,,,,,,,,1,,1,,,,,,,2
,Great Bear,182,21,41,Public w/Aerial Lifts,Independent,"Indy, Indy+",Yes,Yes,Yes,Yes,0,,,,,,,,1,,,,,,,,1,1,3
,Terry Peak,"1,200",450,150,Public w/Aerial Lifts,Independent,"Indy, Indy+",Yes,Yes,Yes,Yes,0,,,,,,,3,,1,,,,,,,,1,5
U.S. - Tennessee,Ober Mountain,526,38,35,Public w/Aerial Lifts,Independent,"Indy, Indy+",Yes,Yes,Yes,,1,,,,,,,,3,,,,,,,,,2,6
U.S. - Utah,Alta,"2,538","2,614",526,Public w/Aerial Lifts,Independent,"Ikon, Mountain Collective, Altabird Pass, Ski Utah Yeti Pass, Ski Utah Kids Passport, Ski Utah Gold Pass",Yes,Yes,Yes,Yes,0,,,,,1,,3,1,1,,1,,,,1,1,2,11
,Beaver Mountain,"1,700",880,300,Public w/Aerial Lifts,Independent,"Indy, Indy+, Ski Utah Yeti Pass, Ski Utah Kids Passport, Ski Utah Gold Pass",Yes,Yes,Yes,,0,,,,,,,,,3,,1,,,,,,2,6
,Brian Head,"1,320",650,301,Public w/Aerial Lifts,Mountain Capital Partners,"Power Pass Full, Power Pass Select, Power Pass Core, Weekday Power Pass, Ski Utah Yeti Pass, Ski Utah Kids Passport, Ski Utah Gold Pass",Yes,Yes,Yes,Yes,0,,,,,,,2,,5,,1,,,,,,2,10
,Brighton,"1,745","1,050",502,Public w/Aerial Lifts,Boyne Resorts,"Ikon, Ikon Base, Ikon Session, New England Pass, Boyne Passport, Boyne Explorer, Michigan Pass, Ski Utah Yeti Pass, Ski Utah Kids Passport, Ski Utah Gold Pass",Yes,Yes,Yes,Yes,0,,,,,1,,3,1,1,,,,,,,,2,8
,Buckskin,80,10,,Public - Surface Lifts Only,Independent,,Yes,Yes,Yes,,0,,,,,,,,,,,,,,,,1,,1
,Cherry Peak,"1,275",400,300,Public w/Aerial Lifts,Independent,"Indy Allied, Freedom, Ski Utah Yeti Pass, Ski Utah Kids Passport, Ski Utah Gold Pass",Yes,Yes,Yes,,0,,,,,,,,,3,,,,,,,,1,4
,Deer Valley,"3,040","4,926",294,Public w/Aerial Lifts,Alterra ,"Ikon, Ski Utah Yeti Pass, Ski Utah Kids Passport, Ski Utah Gold Pass",Yes,Yes,Yes,Yes,0,2,,,,2,,20,1,5,,1,,,,1,,5,37
,Eagle Point,"1,500",650,325,Public w/Aerial Lifts,Independent,"Indy, Indy+, Ski Utah Yeti Pass, Indy Learn-To-Turn, Ski Utah Kids Passport, Ski Utah Gold Pass",Yes,Yes,Yes,Yes,0,,,,,,,,1,1,,2,,,,1,,,5
,Gateway Parks Salt Lake,,,,Public - Surface Lifts Only,Gateway,,No,No,Yes,,0,,,,,,,,,,,,,,,,,1,1
,Gateway Spanish Forks,,,,Public - Surface Lifts Only,Gateway,,Yes,Yes,Yes,,0,,,,,,,,,,,,,,,,,1,1
,Nordic Valley,"1,695",500,275,Public w/Aerial Lifts,Mountain Capital Partners,"Power Pass Full, Power Pass Select, Power Pass Core, Weekday Power Pass, Ski Utah Yeti Pass, Ski Utah Kids Passport, Ski Utah Gold Pass",Yes,Yes,Yes,,0,,,,,1,,,,1,,2,,,,,,1,5
,Park City,"3,226","7,300",355,Public w/Aerial Lifts,Vail Resorts,"Epic, Epic Local, Epic Tahoe Local, Epic Day All, Ski Utah Yeti Pass, Ski Utah Kids Passport, Ski Utah Gold Pass",Yes,Yes,Yes,Yes,0,3,1,1,,6,,10,5,7,,3,,,,,2,3,41
,Powder Mountain,"1,995","5,000",345,Public w/Aerial Lifts,Independent,"Ski Utah Yeti Pass, Ski Utah Kids Passport, Ski Utah Gold Pass",Yes,Yes,Yes,Yes,0,,,,,,,3,7,,,,,,,1,1,1,13
,Snowbasin,"3,002","3,000",324,Public w/Aerial Lifts,Holding Family,"Ikon, Mountain Collective, Ski Utah Yeti Pass, Ski Utah Kids Passport, Ski Utah Gold Pass",Yes,Yes,Yes,Yes,1,2,,,,3,,3,,1,,,,,,,1,2,13
,Snowbird,"3,240","2,500",498,Public w/Aerial Lifts,Powdr,"Ikon, Ikon Base, Mountain Collective, Altabird Pass, Ski Utah Yeti Pass, Ski Utah Kids Passport, Ski Utah Gold Pass",Yes,Yes,Yes,Yes,1,,,,,,,6,1,,,3,,,,,,3,14
,Snowland,250,,,Public - Surface Lifts Only,Independent,,No,No,Yes,,0,,,,,,,,,,,,,,,,2,,
,Solitude,"2,041","1,200",438,Public w/Aerial Lifts,Alterra ,"Ikon, Ikon Base, Ikon Session, Ski Utah Yeti Pass, Ski Utah Kids Passport, Ski Utah Gold Pass",Yes,Yes,Yes,Yes,0,,,,,1,,3,2,1,,1,,,,,,1,9
,Sundance,"2,150",520,275,Public w/Aerial Lifts,Independent,"Power Pass Full, Power Pass Select, Ski Utah Yeti Pass, Ski Utah Kids Passport, Ski Utah Gold Pass",Yes,Yes,Yes,Yes,0,,,,,,,1,4,1,,,,,,,,3,9
,Utah Olympic Park,"1,196",,,Private w/Aerial Lifts,Independent,,Yes,Yes,Yes,,0,,,,,,,1,1,,,2,,,,,,1,5
,Wasatch Peaks Ranch,"2,300","3,000",325,Private w/Aerial Lifts,Independent,,Yes,Yes,Yes,,0,1,,,,,,5,,1,,,,,,,,1,8
,Woodward Park City,349,,150,Public w/Aerial Lifts,Powdr,"Ski Utah Yeti Pass, Ski Utah Kids Passport, Ski Utah Gold Pass",Yes,Yes,Yes,Yes,0,,,,,,,,1,,,,,,,,,,1
U.S. - Vermont,77 Winter Sports Park,90,,,Private - Surface Lifts Only,Independent,,Yes,Yes,Yes,,0,,,,,,,,,,,,,,,,1,,1
,Ascutney,450,26,,Public - Surface Lifts Only,Independent,,Yes,Yes,Yes,Yes,0,,,,,,,,,,,,,1,,,1,,2
,Bellows Falls,200,,,Public - Surface Lifts Only,Independent,,No,Yes,Yes,,0,,,,,,,,,,,,,,,,1,,1
,Bolton Valley,"1,704",300,312,Public w/Aerial Lifts,Independent,"Indy, Indy+, Uphill New England, Ski Vermont 4 Pass, Indy Learn-To-Turn, Ski Vermont 5th Grade Passport",Yes,Yes,Yes,Yes,0,,,,,,,,2,,,3,,,,,1,,6
,Brattleboro,204,8,,Public - Surface Lifts Only,Independent,,Yes,Yes,Yes,Yes,0,,,,,,,,,,,,,1,,,,,1
,Bromley,"1,334",178,145,Public w/Aerial Lifts,Fairbank Group,"Uphill New England, Ski Vermont 4 Pass, Ski Vermont 5th Grade Passport",Yes,Yes,Yes,Yes,0,,,,,,,1,1,,,4,,1,,,,2,9
,Burke,"2,057",270,217,Public w/Aerial Lifts,Schaefer Family,"Indy, Indy+, Ski Vermont 4 Pass, Ski Vermont 5th Grade Passport",Yes,Yes,Yes,Yes,0,,,,,,,2,,,,,,1,1,,,1,5
,Cochran’s,350,15,150,Public - Surface Lifts Only,Independent,Ski Vermont 5th Grade Passport,Yes,Yes,Yes,Yes,0,,,,,,,,,,,,,1,,,1,,2
,Hard'Ack,100,,,Public - Surface Lifts Only,Independent,,Yes,Yes,Yes,Yes,0,,,,,,,,,,,,,,,,1,,1
,Harrington Hill,160,,,Public - Surface Lifts Only,Independent,,Yes,Yes,Yes,,0,,,,,,,,,,,,,,,,1,,1
,Hermitage Club,"1,400",200,,Private w/Aerial Lifts,Independent,,Yes,Yes,Yes,,0,,,,,1,,,2,1,,,,,,,,1,5
,Jay Peak,"2,112",485,349,Public w/Aerial Lifts,Pacific Group Resorts,"Indy, Indy+, Ski Vermont 4 Pass, Indy Learn-To-Turn, Ski Vermont 5th Grade Passport",Yes,Yes,Yes,Yes,1,,,,,,,1,3,1,,1,,,,,,2,9
,Killington,"2,977","1,509",230,Public w/Aerial Lifts,Phill Gross,"Ikon, Ikon Base, Ikon Session, Uphill New England, Killington Pass, Ski Vermont 4 Pass, Ski Vermont 5th Grade Passport",Yes,Yes,Yes,Yes,0,2,,,,2,,4,5,2,,1,,,,1,,3,20
,Lyndon Outing Club,433,18,,Public - Surface Lifts Only,Independent,Ski Vermont 5th Grade Passport,No,Yes,Yes,,0,,,,,,,,,,,,,1,,,1,,2
,Mad River Glen,"2,037",915,228,Public w/Aerial Lifts,Independent,"Ski Vermont 4 Pass, Ski Vermont 5th Grade Passport",Yes,Yes,Yes,Yes,0,,,,,,,,,,,3,1,,,,1,,5
,Magic Mountain,"1,500",405,130,Public w/Aerial Lifts,Independent,"Indy, Indy+, Uphill New England, Ski Vermont 4 Pass, Ski Vermont 5th Grade Passport",Yes,Yes,Yes,Yes,0,,,,,,,,1,,,2,,,,,1,1,5
,Middlebury Snowbowl,920,200,200,Public w/Aerial Lifts,Independent,"Indy, Indy+, Uphill New England, Ski Vermont 4 Pass, Ski Vermont 5th Grade Passport",Yes,Yes,Yes,Yes,0,,,,,,,,1,2,,,,,,,,1,4
,Mount Snow,"1,700",601,150,Public w/Aerial Lifts,Vail Resorts,"Epic, Epic Local, Epic Northeast Value, Epic Northeast Midweek, Epic Day All, Epic Day 32, Ski Vermont 4 Pass, Ski Vermont 5th Grade Passport",Yes,Yes,Yes,Yes,0,,,,,2,,4,,5,,2,,,,,1,5,19
,Northeast Slopes,360,35,,Public - Surface Lifts Only,Independent,Ski Vermont 5th Grade Passport,Yes,Yes,Yes,,0,,,,,,,,,,,,,1,,,2,,3
,Okemo,"2,200",667,120,Public w/Aerial Lifts,Vail Resorts,"Epic, Epic Local, Epic Northeast Value, Epic Northeast Midweek, Epic Day All, Epic Day 32, Ski Vermont 4 Pass, Ski Vermont 5th Grade Passport",Yes,Yes,Yes,Yes,0,,,,,2,,4,5,2,,,,,,1,,6,20
,Pico,"1,967",468,230,Public w/Aerial Lifts,Phill Gross,"Ikon, Ikon Base, Ikon Session, Uphill New England, Killington Pass, Ski Vermont 4 Pass, Ski Vermont 5th Grade Passport",Yes,Yes,Yes,Yes,0,,,,,,,2,,2,,1,,,,,,2,7
,Quechee,650,100,70,Public w/Aerial Lifts,Independent,"Ski Vermont 4 Pass, Ski Vermont 5th Grade Passport",Yes,Yes,Yes,Yes,0,,,,,,,,1,,,,,1,,,1,,3
,Saskadena Six,650,100,90,Public w/Aerial Lifts,Independent,"Indy, Indy+, Ski Vermont 4 Pass, Uphill New England, Ski Vermont 5th Grade Passport",Yes,Yes,Yes,Yes,0,,,,,,,,1,,,1,,,,,,1,3
,Smugglers' Notch,"2,610","1,060",322,Public w/Aerial Lifts,Independent,"Ski Vermont 4 Pass, Ski Vermont 5th Grade Passport",Yes,Yes,Yes,Yes,0,,,,,,,,,,,6,,1,,,,2,9
,Stowe,"2,360",485,314,Public w/Aerial Lifts,Vail Resorts,"Epic, Epic Local, Epic Northeast Value, Epic Northeast Midweek, Epic Day All, Epic Day 32, Ski Vermont 4 Pass, Ski Vermont 5th Grade Passport",Yes,Yes,Yes,Yes,0,2,,,,1,,3,1,1,,2,,,,,,2,12
,Stratton,"2,003",670,180,Public w/Aerial Lifts,Alterra ,"Ikon, Ikon Base, Ikon Session, Ski Vermont 4 Pass, Ski Vermont 5th Grade Passport",Yes,Yes,Yes,Yes,0,1,,,,4,,1,2,1,,1,,,,,,4,14
,Sugarbush,"2,600",581,267,Public w/Aerial Lifts,Alterra ,"Ikon, Ikon Base, Ikon Session, Ski Vermont 4 Pass, Ski Vermont 5th Grade Passport",Yes,Yes,Yes,Yes,0,,,,,,,5,6,1,,1,,1,,,,3,17
,Vermont State (Randolph Ropetow),100,,,Private - Surface Lifts Only,Independent,,Yes,Yes,Yes,,0,,,,,,,,,,,,,,,,1,,1
U.S. - Virginia,Bryce,500,50,30,Public w/Aerial Lifts,Independent,"Indy, Indy+",Yes,Yes,Yes,Yes,0,,,,,,,,3,,,,,,,,,2,5
,Homestead,700,45,50,Public w/Aerial Lifts,Omni Hotels,,Yes,Yes,Yes,,0,,,,,,,,,,,1,,,,,1,,2
,Massanutten,"1,155",70,35,Public w/Aerial Lifts,Independent,"Indy, Indy+",Yes,Yes,Yes,Yes,0,,,,,,,1,2,1,,,,,,,,3,7
,Wintergreen,"1,003",129,40,Public w/Aerial Lifts,Pacific Group Resorts,"Indy, Indy+",Yes,Yes,Yes,Yes,0,,,,,2,,,1,1,,1,,,,,,3,8
U.S. - Washington,49° North,"1,851","2,325",301,Public w/Aerial Lifts,CMR Lands,"Indy, Indy+, Silver/49 North",Yes,Yes,Yes,,0,,,,,,,1,1,,,4,,,,,,1,7
,Badger Mountain,325,10,120,Public - Surface Lifts Only,Independent,,Yes,Yes,Yes,,0,,,,,,,,,,,,,1,,,2,,3
,Bluewood,"1,125",355,300,Public w/Aerial Lifts,Independent,"Indy, Indy+, Indy Learn-To-Turn",Yes,Yes,Yes,,0,,,,,,,,,2,,,,,,,,2,4
,Crystal Mountain WA,"2,602","2,300",348,Public w/Aerial Lifts,Alterra ,"Ikon, Ikon Base, Ikon Session",Yes,Yes,Yes,Yes,0,1,,,,2,,2,1,2,,2,,,,,,1,11
,Echo Valley,900,70,100,Public - Surface Lifts Only,Independent,,Yes,Yes,Yes,,0,,,,,,,,,,,,,,,1,3,,4
,Hurricane Ridge,800,250,400,Public - Surface Lifts Only,Independent,"Indy, Indy+",Yes,Yes,Yes,,0,,,,,,,,,,,,,,,1,2,,3
,Leavenworth Ski Hill,300,20,89,Public - Surface Lifts Only,Independent,"Indy, Indy+",Yes,Yes,Yes,,0,,,,,,,,,,,,,,,,2,1,3
,Loup Loup,"1,240",300,86,Public w/Aerial Lifts,Independent,"Indy, Indy+, Indy Learn-To-Turn",Yes,Yes,Yes,,0,,,,,,,,1,,,,,,,1,1,,3
,Meany Lodge,N/A,100,,Private - Surface Lifts Only,Independent,,Yes,Yes,Yes,,0,,,,,,,,,,,,,,,,1,,1
,Mission Ridge,"2,250","2,000",200,Public w/Aerial Lifts,Larry Scrivanich,"Indy, Indy+, Powder Alliance",Yes,Yes,Yes,Yes,0,,,,,,,1,,,,3,,,,,2,1,7
,Mt. Baker,"1,489","1,000",688,Public w/Aerial Lifts,Independent,,Yes,Yes,Yes,Yes,0,,,,,,,,7,,,,,,,,2,,9
,Mt. Spokane,"2,071","1,704",300,Public w/Aerial Lifts,Independent,Freedom,Yes,Yes,Yes,,0,,,,,,,,,1,,5,,,,,1,1,8
,Sahalie Ski Club,N/A,80,,Private - Surface Lifts Only,Independent,,Yes,Yes,Yes,,0,,,,,,,,,,,,,,,,1,,1
,Snoqualmie: Alpental,"2,280",875,428,Public w/Aerial Lifts,Boyne Resorts,"Ikon, Ikon Base, Ikon Session, New England Pass, Boyne Passport, Boyne Explorer, Michigan Pass",Yes,Yes,Yes,,0,,,,,,,1,,3,,1,,,,,,1,6
,Snoqualmie: Summit,"1,255","1,119",,Public w/Aerial Lifts,Boyne Resorts,"Ikon, Ikon Base, Ikon Session, New England Pass, Boyne Passport, Boyne Explorer, Michigan Pass",Yes,Yes,Yes,Yes,0,,,,,,,2,5,3,,5,,,,,,4,19
,Stevens Pass,"1,784","1,125",460,Public w/Aerial Lifts,Vail Resorts,"Epic, Epic Local, Epic Day All, Epic Day 32",Yes,Yes,Yes,Yes,0,,,,,,,4,2,3,,1,,,,,,2,12
,White Pass,"2,000","1,402",400,Public w/Aerial Lifts,Independent,"Indy, Indy+, Powder Alliance",Yes,Yes,Yes,Yes,0,,,,,,,2,2,1,,,,,,,,3,8
U.S. - West Virginia,Canaan Valley,850,95,117,Public w/Aerial Lifts,Independent,"Indy, Indy+, Ski West Virginia Kids Passport",Yes,Yes,Yes,Yes,0,,,,,,,,1,2,,,,,,,,3,6
,Oglebay,168,,,Public w/Aerial Lifts,Independent,Ski West Virginia Kids Passport,Yes,Yes,Yes,,0,,,,,,,,,1,,,,,,,1,,2
,Silver Creek (Snowshoe),703,,150,Public w/Aerial Lifts,Alterra ,"Ikon, Ikon Base, Ikon Session, Ski West Virginia Kids Passport",Yes,Yes,Yes,,0,,,,,,,,2,2,,,,,,,1,1,6
,Snowshoe/Western Territory,"1,500",257,150,Public w/Aerial Lifts,Alterra ,"Ikon, Ikon Base, Ikon Session, Ski West Virginia Kids Passport",Yes,Yes,Yes,Yes,0,,,,,,,3,1,3,,,,,,,,,7
,Timberline,"1,000",100,170,Public w/Aerial Lifts,Perfect Family,"Perfect Pass, Ski West Virginia Kids Passport",Yes,Yes,Yes,Yes,0,,,,,1,,,1,,,,,,,,,2,4
,Winterplace,603,90,100,Public w/Aerial Lifts,Independent,"Indy, Indy+, Ski West Virginia Kids Passport",Yes,Yes,Yes,Yes,0,,,,,,,,2,3,,2,,,,,,2,9
U.S. - Wisconsin,Alpine Valley WI,388,90,80,Public w/Aerial Lifts,Wisconsin Resorts,"Wisconsin Resorts, Skiing Wisconsin Passport",Yes,Yes,Yes,Yes,0,,,,,,,3,,4,,,,,,,2,6,15
,Ausblick Ski Club,182,10,,Private w/Aerial Lifts,Independent,,Yes,Yes,Yes,Yes,0,,,,,,,,,1,,,,,,,1,,2
,Blackhawk,300,,,Private - Surface Lifts Only,Independent,,Yes,Yes,Yes,Yes,0,,,,,,,,,,,,,,,,4,,4
,Bruce Mound,375,40,12,Public w/Aerial Lifts,Independent,"Indy, Indy+",Yes,Yes,Yes,Yes,0,,,,,,,,,1,,,,2,,,3,,6
,Camp 10,250,120,60,Public w/Aerial Lifts,Independent,,Yes,Yes,Yes,Yes,0,,,,,,,,,,,1,,2,,,1,,4
,Cascade,450,176,80,Public w/Aerial Lifts,Independent,Skiing Wisconsin Passport,Yes,Yes,Yes,Yes,0,,,,,,,2,3,1,,2,,,,,1,1,10
,Christie Mountain,350,100,33,Public w/Aerial Lifts,Independent,"Indy, Indy+, Skiing Wisconsin Passport, Indy Learn-To-Turn",Yes,Yes,Yes,Yes,0,,,,,,,,,,,1,,1,,,3,,5
,Christmas Mountain Village,250,40,40,Public w/Aerial Lifts,Independent,Skiing Wisconsin Passport,Yes,Yes,Yes,Yes,0,,,,,,,,1,,,,,,,,1,,2
,Crystal Ridge,183,50,40,Public w/Aerial Lifts,Schmitz Brothers,"Indy, Indy+, Freedom, Sno Pass, Skiing Wisconsin Passport, Indy Learn-To-Turn",Yes,Yes,Yes,Yes,0,,,,,,,,,,,1,,,,,2,2,5
,Devil’s Head,500,300,70,Public w/Aerial Lifts,Independent,Skiing Wisconsin Passport,Yes,Yes,Yes,Yes,0,,,,,,,,6,,,,,,,,2,,8
,Fox Hill ,226,,,Private - Surface Lifts Only,Independent,,Yes,Yes,Yes,Yes,0,,,,,,,,,,,,,,,,4,,4
,Grand Geneva (Mountain Top),115,30,34,Public w/Aerial Lifts,Independent,Skiing Wisconsin Passport,Yes,Yes,Yes,Yes,0,,,,,,,,,,,3,,,,,1,2,6
,Granite Peak,700,400,60,Public w/Aerial Lifts,Midwest Family Ski Resorts,"Indy, Indy+, Legendary Pass, Skiing Wisconsin Passport",Yes,Yes,Yes,Yes,0,,,,,1,,2,,2,,,,,,,,2,7
,Heiliger Huegel Ski Club,200,20,,Private w/Aerial Lifts,Independent,,Yes,Yes,Yes,Yes,0,,,,,,,,,,,1,,,,,1,,2
,Kettlebowl,325,,,Public - Surface Lifts Only,Independent,,Yes,Yes,Yes,,0,,,,,,,,,,,,,,,,5,,5
,Keyes Peak,230,15,60,Public - Surface Lifts Only,Independent,,Yes,Yes,Yes,Yes,0,,,,,,,,,,,,,,,,3,,3
,Little Switzerland,200,50,45,Public w/Aerial Lifts,Schmitz Brothers,"Indy, Indy+, Freedom, Sno Pass, Skiing Wisconsin Passport, Indy Learn-To-Turn",Yes,Yes,Yes,Yes,0,,,,,,,,,,,4,,,,,3,2,9
,Mont du Lac ,320,20,55,Public w/Aerial Lifts,Independent,Skiing Wisconsin Passport,Yes,Yes,Yes,Yes,0,,,,,,,,,,,1,,,,,1,1,3
,Mount Ashwabay,317,65,120,Public w/Aerial Lifts,Independent,Skiing Wisconsin Passport,Yes,Yes,Yes,Yes,0,,,,,,,,,,,1,,,,,1,,2
,Mount La Crosse,516,100,41,Public w/Aerial Lifts,Independent,"Indy, Indy+, Skiing Wisconsin Passport",Yes,Yes,Yes,Yes,0,,,,,,,,,,,3,,,,,,1,4
,Nordic Mountain,265,60,50,Public w/Aerial Lifts,Schmitz Brothers,"Indy, Indy+, Freedom, Sno Pass, Skiing Wisconsin Passport, Indy Learn-To-Turn",Yes,Yes,Yes,Yes,0,,,,,,,,,1,,1,,,,,2,2,6
,Nutt Hill,120,7,,Public - Surface Lifts Only,Independent,,No,No,Yes,Yes,0,,,,,,,,,,,,,,,,,1,1
,Paul Bunyan,150,,65,Public - Surface Lifts Only,Independent,Indy Allied,Yes,Yes,Yes,Yes,0,,,,,,,,,,,,,1,,,5,,6
,Powers Bluff,250,,,Public - Surface Lifts Only,Independent,,Yes,Yes,Yes,Yes,0,,,,,,,,,,,,,,,,1,,1
,Standing Rocks Park,125,30,45,Public - Surface Lifts Only,Independent,,Yes,Yes,Yes,,0,,,,,,,,,,,,,,,,1,,1
,Sunburst,197,30,11,Public w/Aerial Lifts,Independent,"Indy, Indy+, Skiing Wisconsin Passport",Yes,Yes,Yes,Yes,0,,,,,,,,,,,3,,,,,4,2,9
,Sunset Hill (Forest Springs),N/A,,,Public - Surface Lifts Only,Independent,,Yes,Yes,Yes,,0,,,,,,,,,,,,,,,,2,1,3
,Triangle Sports Area,75,,,Public - Surface Lifts Only,Independent,,Yes,Yes,Yes,,0,,,,,,,,,,,,,,,,3,,3
,Trollhaugen,272,86,50,Public w/Aerial Lifts,Independent,"Indy, Indy+, Skiing Wisconsin Passport",Yes,Yes,Yes,Yes,0,,,,,,,,4,,,,,,,,5,,9
,Tyrol Basin,300,40,51,Public w/Aerial Lifts,Independent,"Indy, Indy+, Skiing Wisconsin Passport",Yes,Yes,Yes,Yes,0,,,,,,,,,3,,,,,,,2,2,7
,Whitecap Mountains,455,400,200,Public w/Aerial Lifts,Independent,Skiing Wisconsin Passport,Yes,Yes,Yes,Yes,0,,,,,,,,,1,,4,,,,,,1,6
,Whitetail Ridge,185,,,Public - Surface Lifts Only,Independent,,Yes,Yes,Yes,,0,,,,,,,,,,,,,1,,,,,1
,Wilmot,200,120,48,Public w/Aerial Lifts,Vail Resorts,"Epic, Epic Local, Epic Day All, Epic Day 32, Epic Day 22, Skiing Wisconsin Passport",Yes,Yes,Yes,Yes,0,,,,,,,,3,1,,2,,,,,2,2,10
,Winter Park (Kewaunee ),160,5,,Public - Surface Lifts Only,Independent,,Yes,Yes,Yes,,0,,,,,,,,,,,,,1,,,1,,2
U.S. - Wyoming,Antelope Butte,"1,000",225,200,Public w/Aerial Lifts,Independent,"Indy, Indy+",Yes,Yes,Yes,Yes,0,,,,,,,,,,,2,,,,,,1,3
,Beartooth Basin,"1,000",90,,Public - Surface Lifts Only,Independent,,No,Yes,Yes,,0,,,,,,,,,,,,,,,2,,,2
,Grand Targhee,"2,270","2,602",465,Public w/Aerial Lifts,Independent,"Mountain Collective, Ski Idaho Kids Passport",Yes,Yes,Yes,Yes,0,,,,,1,,2,2,,,,,,,,,1,6
,Hogadon Basin,600,60,140,Public w/Aerial Lifts,Independent,,Yes,Yes,Yes,Yes,0,,,,,,,,,,,1,,,,,,1,2
,Jackson Hole,"4,139","2,500",369,Public w/Aerial Lifts,Independent,"Ikon, Mountain Collective",Yes,Yes,Yes,Yes,1,2,,,,,,6,3,,,1,,,,,1,2,16
,Meadowlark,"1,000",300,160,Public w/Aerial Lifts,Independent,"Indy, Indy+",Yes,Yes,Yes,Yes,0,,,,,,,,,1,,1,,,,,,,2
,Pine Creek,"1,425",640,300,Public w/Aerial Lifts,Independent,,Yes,Yes,Yes,,0,,,,,,,,1,,,,,,,,,1,2
,Snow King,"1,571",500,225,Public w/Aerial Lifts,Independent,"Indy, Indy+, Powder Alliance",Yes,Yes,Yes,Yes,0,1,,,,,,,1,2,,,,,,,2,3,9
,Snowy Range,865,250,245,Public w/Aerial Lifts,Independent,,Yes,Yes,Yes,Yes,0,,,,,,,,,1,,3,,,,,,1,5
,White Pine,"1,000",350,151,Public w/Aerial Lifts,Independent,"Indy, Indy+",Yes,Yes,Yes,Yes,0,,,,,,,,,2,,,,,,,,,2